COD,PROCEDIMENTO
408060433,TENODESE
408060441,TENÓLISE
407020101,COLOSTOMIA
409070106,COLPOTOMIA
409010197,LOMBOTOMIA
409010340,PIELOTOMIA
412030110,PLEURODESE
408050365,TALECTOMIA
412020068,TIMECTOMIA
409040240,VASECTOMIA
408060085,BURSECTOMIA
409010081,CISTORRAFIA
409010090,CISTOSTOMIA
409070025,COLPECTOMIA
412040018,COSTECTOMIA
411020021,EMBRIOTOMIA
409010189,LITOTRIPSIA
409060194,MIOMECTOMIA
409010260,NEFRORRAFIA
403020085,NEURORRAFIA
405040148,ORBITOTOMIA
409010332,PIELOSTOMIA
409050083,POSTECTOMIA
406010102,CARDIORRAFIA
405050054,CICLODIALISE
407020179,ENTERECTOMIA
408060140,FASCIECTOMIA
407010190,GASTRORRAFIA
407010211,GASTROSTOMIA
407030140,HEPATORRAFIA
310010039,PARTO NORMAL
409010324,PIELOPLASTIA
412030098,PLEUROSTOMIA
412050080,PNEUMORRAFIA
404010563,TIREOPLASTIA
409020150,URETRORRAFIA
403010012,CRANIOPLASTIA
407010114,ESOFAGOSTOMIA
407030123,ESPLENECTOMIA
409060160,HISTERORRAFIA
407010238,PILOROPLASTIA
408060450,TENOMIORRAFIA
209040033,TRAQUEOSCOPIA
404010377,TRAQUEOSTOMIA
404010415,TURBINECTOMIA
409010529,URETERECTOMIA
404010016,ADENOIDECTOMIA
404010024,AMIGDALECTOMIA
407020039,APENDICECTOMIA
404010105,ESTAPEDECTOMIA
409010227,NEFROLITOTOMIA
409010316,PIELOLITOTOMIA
412050064,PNEUMOMECTOMIA
409010570,URETEROPLASTIA
407030026,COLECISTECTOMIA
407030042,COLECISTOSTOMIA
407030050,COLEDOCOPLASTIA
409040037,EPIDIDIMECTOMIA
411010034,PARTO CESARIANO
406010803,PLASTICA VALVAR
211050105,POLISSONOGRAFIA
409060259,SALPINGOPLASTIA
405050321,TRABECULECTOMIA
409060275,TRAQUELOPLASTIA
407020071,COLECTOMIA TOTAL
401020010,ENXERTO COMPOSTO
407020284,HEMORROIDECTOMIA
403020069,MICRONEURORRAFIA
409010251,NEFROPIELOSTOMIA
406010757,PERICARDIECTOMIA
409010561,URETEROLITOTOMIA
409010030,CISTECTOMIA TOTAL
409010219,NEFRECTOMIA TOTAL
409070203,OPERACAO DE BURCH
406010773,PERICARDIOCENTESE
408050110,QUADRICEPSPLASTIA
405030096,SUTURA DE ESCLERA
406030154,Sem Informações
407030255,Sem Informações
409010596,Sem Informações
409060313,Sem Informações
410010219,Sem Informações
416040284,Sem Informações
416040292,Sem Informações
505010135,Sem Informações
506020134,Sem Informações
406011524,Sem Informações
409070319,Sem Informações
209040050,VIDEOTORACOSCOPIA
409050016,AMPUTACAO DE PENIS
409010057,CISTOENTEROPLASTIA
409070041,COLPOPERINEOCLEISE
407010149,GASTRECTOMIA TOTAL
409060186,LAQUEADURA TUBARIA
409020079,MEATOTOMIA SIMPLES
402010027,PARATIREOIDECTOMIA
413040097,PREPARO DE RETALHO
409010014,CAPSULECTOMIA RENAL
409010022,CISTECTOMIA PARCIAL
407010076,ESOFAGOGASTRECTOMIA
409040053,ESPERMATOCELECTOMIA
409060135,HISTERECTOMIA TOTAL
404010180,LARINGECTOMIA TOTAL
412050048,LOBECTOMIA PULMONAR
410010065,MASTECTOMIA SIMPLES
409010200,NEFRECTOMIA PARCIAL
408040149,OSTECTOMIA DA PELVE
408040157,OSTEOTOMIA DA PELVE
406020329,PONTE AXILO-FEMURAL
409050091,REIMPLANTE DE PENIS
405010176,SUTURA DE PALPEBRAS
409020176,URETROTOMIA INTERNA
409070300,VULVECTOMIA SIMPLES
409070114,CONSTRUCAO DE VAGINA
407010068,ESOFAGO-COLONPLASTIA
404020143,GLOSSECTOMIA PARCIAL
407030131,HEPATECTOMIA PARCIAL
404020178,MAXILECTOMIA PARCIAL
404020453,OSTEOTOMIA DA MAXILA
407040234,RESSECCAO DO EPIPLOM
408060301,RESSECÇÃO MUSCULAR
408030526,RESSEÇÃO DE COCCIX
402010043,TIREOIDECTOMIA TOTAL
409010545,URETEROENTEROPLASTIA
405030134,VITRECTOMIA ANTERIOR
406020035,ANASTOMOSE PORTO-CAVA
408040017,ARTRODESE COXOFEMORAL
408020067,ARTROPLASTIA DE PUNHO
201010534,BIOPSIA ESTEREOTAXICA
409070084,COLPOPLASTIA ANTERIOR
409050024,CORRECAO DE EPISPADIA
406020124,EMBOLECTOMIA ARTERIAL
405040083,EXENTERACAO DE ORBITA
404010172,LARINGECTOMIA PARCIAL
408060204,REINSERÇÃO MUSCULAR
404010326,SINUSOTOMIA BILATERAL
505010097,TRANSPLANTE DE CORNEA
406010994,TROCA DE ARCO AORTICO
409010537,URETEROCISTONEOSTOMIA
409010588,URETEROSTOMIA CUTANEA
405030142,VITRECTOMIA POSTERIOR
201010550,BIOPSIA PRE-ESCALENICA
408030330,COSTO-TRANSVERSECTOMIA
405010036,DACRIOCISTORRINOSTOMIA
407010092,ESOFAGORRAFIA CERVICAL
407010106,ESOFAGORRAFIA TORACICA
407010165,GASTROENTEROANASTOMOSE
409060127,HISTERECTOMIA SUBTOTAL
404010210,MASTOIDECTOMIA RADICAL
409010294,NEFROSTOMIA PERCUTANEA
409040126,ORQUIDOPEXIA BILATERAL
407030212,PANCREATO-ENTEROSTOMIA
409070211,RECONSTRUCAO DA VAGINA
404010334,SINUSOTOMIA ESFENOIDAL
402010035,TIREOIDECTOMIA PARCIAL
505020041,TRANSPLANTE DE CORACAO
505010127,TRANSPLANTE DE ESCLERA
303010150,TRATAMENTO DE MALÁRIA
409020133,URETROPLASTIA AUTOGENA
201010275,BIOPSIA DE MEDULA OSSEA
406010161,CORRECAO DE ATRIO UNICO
405040059,DESCOMPRESSAO DE ORBITA
407040129,HERNIOPLASTIA UMBILICAL
411020030,HISTERECTOMIA PUERPERAL
405050143,IMPLANTE INTRA-ESTROMAL
407040161,LAPAROTOMIA EXPLORADORA
406020191,LINFADENECTOMIA PELVICA
408060158,MANIPULAÇÃO ARTICULAR
404010229,MASTOIDECTOMIA SUBTOTAL
404010237,MICROCIRURGIA OTOLOGICA
409040134,ORQUIDOPEXIA UNILATERAL
409040169,ORQUIECTOMIA UNILATERAL
404020461,OSTEOTOMIA DA MANDIBULA
407030182,PANCREATECTOMIA PARCIAL
407030204,PANCREATO-DUODENECTOMIA
409050075,PLASTICA TOTAL DO PENIS
416110088,TIMECTOMIA EM ONCOLOGIA
412040174,TORACOTOMIA EXPLORADORA
505020076,TRANSPLANTE DE PANCREAS
303060026,TRATAMENTO DE ARRITMIAS
303100028,TRATAMENTO DE ECLAMPSIA
406030014,ANGIOPLASTIA CORONARIANA
416060030,COLPECTOMIA EM ONCOLOGIA
412030012,DESCORTICAÇÃO PULMONAR
401020029,ENXERTO DERMO-EPIDERMICO
409070149,EXERESE DE CISTO VAGINAL
407040080,HERNIOPLASTIA INCISIONAL
409010308,NEFROURETERECTOMIA TOTAL
406010765,PERICARDIECTOMIA PARCIAL
405050216,RECOBRIMENTO CONJUNTIVAL
404010512,SINUSOTOMIA TRANSMAXILAR
303020075,TRATAMENTO DE HEMOFILIAS
303180072,TRATAMENTO DE HIV / AIDS
409010120,DIVERTICULECTOMIA VESICAL
401020070,EXERESE DE CISTO DERMOIDE
407040064,HERNIOPLASTIA EPIGASTRICA
407040110,HERNIOPLASTIA RECIDIVANTE
407020306,JEJUNOSTOMIA / ILEOSTOMIA
409010235,NEFROLITOTOMIA PERCUTANEA
404020690,OSTEOTOMIA CRÂNIO-FACIAL
405030185,TERMOTERAPIA TRANSPUPILAR
412020076,TRAQUEOSTOMIA MEDIASTINAL
303030020,TRATAMENTO DE DESNUTRICAO
303010088,TRATAMENTO DE HANSENÍASE
303060271,TRATAMENTO DE PERICARDITE
406010986,TROCA DE AORTA ASCENDENTE
409020141,URETROPLASTIA HETEROGENEA
407030018,ANASTOMOSE BILEO-DIGESTIVA
409060011,CERCLAGEM DE COLO DO UTERO
409070092,COLPORRAFIA NAO OBSTETRICA
403010020,CRANIOTOMIA DESCOMPRESSIVA
403010080,DERIVACAO RAQUE-PERITONEAL
405040067,ENUCLEACAO DE GLOBO OCULAR
401020061,EXERESE DE CISTO BRANQUIAL
412030047,FECHAMENTO DE PLEUROSTOMIA
406010692,IMPLANTE DE PROTESE VALVAR
407030220,PANCREATOTOMIA P/ DRENAGEM
409040177,PLASTICA DA BOLSA ESCROTAL
410010081,PLASTICA MAMARIA MASCULINA
405050313,TOPOPLASTIA DO TRANSPLANTE
305020013,TRATAMENTO DA PIELONEFRITE
303190019,TRATAMENTO EM REABILITACAO
412050013,BULECTOMIA UNI OU BILATERAL
401020037,ENXERTO LIVRE DE PELE TOTAL
405040075,EVISCERACAO DE GLOBO OCULAR
412020033,MEDIASTINOTOMIA P/ DRENAGEM
416010121,PROSTATECTOMIA EM ONCOLOGIA
409030023,PROSTATECTOMIA SUPRAPÚBICA
407040226,REPARACAO DE OUTRAS HERNIAS
408060360,RETIRADA DE FIXADOR EXTERNO
416040233,COLECISTECTOMIA EM ONCOLOGIA
407020098,COLORRAFIA POR VIA ABDOMINAL
403030056,CRANIECTOMIA POR TUMOR OSSEO
408040106,DESARTICULAÇÃO COXOFEMORAL
410010014,DRENAGEM DE ABSCESSO DE MAMA
407040013,DRENAGEM DE ABSCESSO PELVICO
406010528,EXERESE DE CISTO PERICARDICO
401020096,EXERESE DE CISTO TIREOGLOSSO
406020159,EXERESE DE GANGLIO LINFATICO
406020167,FASCIOTOMIA P/ DESCOMPRESSAO
416090036,HEMIPELVECTOMIA EM ONCOLOGIA
409060216,OOFORECTOMIA / OOFOROPLASTIA
406020345,PONTE FEMORO-FEMURAL CRUZADA
404010288,RESSECCAO DE GLOMO TIMPANICO
404010547,RESSECÇÃO DO GLOMO JUGULAR
402020014,SUPRARRENALECTOMIA BILATERAL
408060468,TENOMIOTOMIA / DESINSERÇÃO
303110031,TRATAMENTO DE ESPINHA BIFIDA
303080086,TRATAMENTO DE FARMACODERMIAS
413010082,TRATAMENTO DE MEDIO QUEIMADO
408040025,ARTRODESE DA SÍNFISE PÚBICA
201010038,BIOPSIA CIRURGICA DE TIREOIDE
405030029,BIOPSIA DE TUMOR INTRA OCULAR
416050034,COLECTOMIA TOTAL EM ONCOLOGIA
407020080,COLECTOMIA VIDEOLAPAROSCOPICA
409070068,COLPOPERINEOPLASTIA POSTERIOR
407020110,CRIPTECTOMIA UNICA / MULTIPLA
408060107,DIAFISECTOMIA DE OSSOS LONGOS
404010059,DRENAGEM DE ABSCESSO FARINGEO
406020116,DRENAGEM DE GANGLIO LINFATICO
409040070,EXERESE DE CISTO DE EPIDIDIMO
407020268,FECHAMENTO DE FISTULA DE RETO
409010286,NEFROSTOMIA C/ OU S/ DRENAGEM
404030327,OSTEOPLASTIA FRONTO - ORBITAL
408050101,PATELECTOMIA TOTAL OU PARCIAL
412050072,PNEUMONECTOMIA DE TOTALIZACAO
406010838,RECONSTRUCAO DA RAIZ DA AORTA
407020381,REMOCAO CIRURGICA DE FECALOMA
409060224,RESSECCAO DE VARIZES PELVICAS
408060212,RESSECÇÃO DE CISTO SINOVIAL
404020771,RESSECÇÃO DE LESÇO DA BOCA
407020403,RETOSSIGMOIDECTOMIA ABDOMINAL
402020022,SUPRARRENALECTOMIA UNILATERAL
403020107,TRANSPOSICAO DO NERVO CUBITAL
305020021,TRATAMENTO DE CALCULOSE RENAL
303080060,TRATAMENTO DE ESTAFILOCOCCIAS
303080078,TRATAMENTO DE ESTREPTOCOCCIAS
413010066,TRATAMENTO DE GRANDE QUEIMADO
303040254,TRATAMENTO DE MIASTENIA GRAVE
303060239,TRATAMENTO DE MIOCARDIOPATIAS
303040262,TRATAMENTO DE POLINEUROPATIAS
405040202,TRATAMENTO DE PTOSE PALPEBRAL
409070017,ALARGAMENTO DA ENTRADA VAGINAL
406010072,ANASTOMOSE CAVO-PULMONAR TOTAL
407020136,DRENAGEM DE ABSCESSO ANU-RETAL
407010084,ESOFAGOPLASTIA / GASTROPLASTIA
404010113,EXERESE DE PAPILOMA EM LARINGE
405040105,EXPLANTE DE LENTE INTRA OCULAR
407020250,FECHAMENTO DE FISTULA DE COLON
406020272,LINFADENECTOMIA RADICAL VULVAR
403010136,MICROCIRURGIA DA SIRINGOMIELIA
403030102,MICROCIRURGIA DE TUMOR MEDULAR
409060208,MIOMECTOMIA VIDEOLAPAROSCOPICA
416010075,NEFRECTOMIA TOTAL EM ONCOLOGIA
409030031,PROSTATOVESICULECTOMIA RADICAL
409020087,RESSECCAO DE CARUNCULA URETRAL
409060232,SALPINGECTOMIA UNI / BILATERAL
410010111,SETORECTOMIA / QUADRANTECTOMIA
303010010,TRATAMENTO DE DENGUE CLÁSSICA
303060140,TRATAMENTO DE EMBOLIA PULMONAR
303010118,TRATAMENTO DE HEPATITES VIRAIS
303100052,TRATAMENTO DE MOLA HIDATIFORME
303110082,TRATAMENTO DE NEUROFIBROMATOSE
413010090,TRATAMENTO DE PEQUENO QUEIMADO
406020590,TROMBECTOMIA DO SISTEMA VENOSO
412050153,TROMBOENDARTERECTOMIA PULMONAR
416010016,AMPUTACAO DE PENIS EM ONCOLOGIA
408040050,ARTROPLASTIA PARCIAL DE QUADRIL
405050046,CICLOCRIOCOAGULACAO / DIATERMIA
405050380,CIRURGIA DE CATARATA CONGÊNITA
416010040,CISTOENTEROPLASTIA EM ONCOLOGIA
406010188,CORRECAO DE COARCTACAO DA AORTA
411010018,DESCOLAMENTO MANUAL DE PLACENTA
409030015,DRENAGEM DE ABSCESSO PROSTATICO
407040021,DRENAGEM DE ABSCESSO SUBFRENICO
407020195,ENTEROPEXIA (QUALQUER SEGMENTO)
409060038,EXCISÇO TIPO 3 DO COLO UTERINO
401020088,EXERESE DE CISTO SACRO-COCCIGEO
416040071,GASTRECTOMIA TOTAL EM ONCOLOGIA
407010203,GASTRORRAFIA VIDEOLAPAROSCOPICA
407010220,GASTROSTOMIA VIDEOLAPAROSCOPICA
409060100,HISTERECTOMIA (POR VIA VAGINAL)
406020280,LINFADENECTOMIA RETROPERITONIAL
416030181,MAXILECTOMIA TOTAL EM ONCOLOGIA
413040135,RECONSTRUCAO DO HELIX DA ORELHA
403050090,RIZOTOMIA PERCUTANEA COM BALÇO
416010202,SUPRARRENALECTOMIA EM ONCOLOGIA
303080043,TRATAMENTO DE AFECCOES BOLHOSAS
303020040,TRATAMENTO DE ANEMIA HEMOLITICA
303030038,TRATAMENTO DE DIABETES MELLITUS
303070072,TRATAMENTO DE DOENCAS DO FIGADO
404010032,AMIGDALECTOMIA C/ ADENOIDECTOMIA
406020051,ANEURISMECTOMIA TORACO-ABDOMINAL
407030077,COLEDOCOTOMIA VIDEOLAPAROSCOPICA
405040016,CORRECAO CIRURGICA DE LAGOFTALMO
408030470,DRENAGEM CIRÚRGICA DO ILIOPSOAS
409020010,DRENAGEM DE COLECAO PERI-URETRAL
407010050,ESOFAGECTOMIA VIDEOLAPAROSCOPICA
407010181,GASTROPLASTIA VERTICAL COM BANDA
409060151,HISTERECTOMIA VIDEOLAPAROSCOPICA
416030262,LARINGECTOMIA TOTAL EM ONCOLOGIA
416110010,LOBECTOMIA PULMONAR EM ONCOLOGIA
416120032,MASTECTOMIA SIMPLES EM ONCOLOGIA
416010210,NEFRECTOMIA PARCIAL EM ONCOLOGIA
405010117,RECONSTITUICAO DE CANAL LACRIMAL
405010133,RECONSTITUICAO TOTAL DE PALPEBRA
413040119,RECONSTRUCAO DE LOBULO DA ORELHA
406010900,RESSECCAO DE TUMOR INTRACARDIACO
404020070,RESSECÇÃO DE GLÂNDULA SALIVAR
408060379,RETIRADA DE PLACA E/OU PARAFUSOS
404010350,TIMPANOPLASTIA (UNI / BILATERAL)
412040158,TORACOPLASTIA (QUALQUER TECNICA)
303060018,TRATAMENTO DE ANEURISMA DA AORTA
303060050,TRATAMENTO DE CHOQUE ANAFILATICO
303060107,TRATAMENTO DE CRISE HIPERTENSIVA
406030120,VALVULOPLASTIA MITRAL PERCUTANEA
416060102,VULVECTOMIA PARCIAL EM ONCOLOGIA
407020020,AMPUTACAO POR PROCIDENCIA DE RETO
407020047,APENDICECTOMIA VIDEOLAPAROSCOPICA
408020059,ARTROPLASTIA DE CABEÇA DO RÁDIO
406030081,ATRIOSEPTOSTOMIA C/ CATETER BALAO
201010143,BIOPSIA DE ENDOCARDIO / MIOCARDIO
405050011,CAPSULECTOMIA POSTERIOR CIRURGICA
409070033,COLPOCLEISE (CIRURGIA DE LE FORT)
409070076,COLPOPERINEORRAFIA NAO OBSTETRICA
409050032,CORRECAO DE HIPOSPADIA (1O TEMPO)
409050040,CORRECAO DE HIPOSPADIA (2O TEMPO)
406010510,DRENAGEM C/ BIOPSIA DE PERICARDIO
407020144,DRENAGEM DE ABSCESSO ISQUIORRETAL
405030207,DRENAGEM DE HEMORRAGIA DE COROIDE
412040026,ESTERNECTOMIA COM OU SEM PRÓTESE
408050080,FASCIOTOMIA DE MEMBROS INFERIORES
408020105,FASCIOTOMIA DE MEMBROS SUPERIORES
407020276,FISTULECTOMIA / FISTULOTOMIA ANAL
416040217,GASTRECTOMIA PARCIAL EM ONCOLOGIA
416030068,GLOSSECTOMIA PARCIAL EM ONCOLOGIA
416040101,HEPATECTOMIA PARCIAL EM ONCOLOGIA
416030173,MAXILECTOMIA PARCIAL EM ONCOLOGIA
416030092,PAROTIDECTOMIA TOTAL EM ONCOLOGIA
504010026,PROCESSAMENTO DE CORNEA / ESCLERA
406010897,RESSECCAO DE MEMBRANA SUB-AORTICA
409030040,RESSECCAO ENDOSCOPICA DE PROSTATA
409060240,SALPINGECTOMIA VIDEOLAPAROSCOPICA
403050111,SIMPATECTOMIA LOMBAR A CEU ABERTO
416030270,TIREOIDECTOMIA TOTAL EM ONCOLOGIA
416110045,TORACECTOMIA SIMPLES EM ONCOLOGIA
415010012,TRATAMENTO C/ CIRURGIAS MULTIPLAS
409010430,TRATAMENTO CIRURGICO DE CISTOCELE
409040215,TRATAMENTO CIRURGICO DE HIDROCELE
406020558,TRATAMENTO CIRURGICO DE LINFEDEMA
408050730,TRATAMENTO CIRÚRGICO DE PÉ CAVO
404010555,TRATAMENTO CIRÚRGICO DE RINOFIMA
303040033,TRATAMENTO DA MIGRANEA COMPLICADA
303060069,TRATAMENTO DE CHOQUE CARDIOGENICO
303060077,TRATAMENTO DE CHOQUE HIPOVOLEMICO
303010029,TRATAMENTO DE DENGUE HEMORRÁGICA
303040181,TRATAMENTO DE DOENCA DE PARKINSON
303010169,TRATAMENTO DE MICOSES (B35 A B49)
406030111,VALVULOPLASTIA AORTICA PERCUTANEA
406030049,ANGIOPLASTIA CORONARIANA PRIMÁRIA
408030127,ARTRODESE CERVICAL POSTERIOR C1-C2
408010053,ARTROPLASTIA ESCAPULO-UMERAL TOTAL
407030034,COLECISTECTOMIA VIDEOLAPAROSCOPICA
403010390,DRENAGEM LIQUÓRICA LOMBAR EXTERNA
409070130,EPISIOPERINEORRAFIA NAO OBSTETRICA
407020225,EXCISAO DE LESAO / TUMOR ANU-RETAL
416030211,FARINGECTOMIA PARCIAL EM ONCOLOGIA
407040099,HERNIOPLASTIA INGUINAL (BILATERAL)
416030254,LARINGECTOMIA PARCIAL EM ONCOLOGIA
416030335,LIGADURA DE CARÓTIDA EM ONCOLOGIA
403010128,MICROCIRURGIA CEREBRAL ENDOSCOPICA
403030137,MICROCIRURGIA PARA TUMOR DE ORBITA
403020050,MICRONEUROLISE DE NERVO PERIFERICO
409040142,ORQUIECTOMIA SUBCAPSULAR BILATERAL
407030190,PANCREATECTOMIA VIDEOLAPAROSCOPICA
404010466,PAROTIDECTOMIA PARCIAL OU SUBTOTAL
407040200,PERITONIOSTOMIA C/ TELA INORGANICA
405040164,RECONSTITUICAO DE PAREDE DA ORBITA
412020050,RESSECÇÃO DE TUMOR DO MEDIASTINO
403010179,RETIRADA DE PLACA DE CRANIOPLASTIA
409060267,SALPINGOPLASTIA VIDEOLAPAROSCOPICA
416110037,TORACECTOMIA COMPLEXA EM ONCOLOGIA
407040250,TRATAMENTO CIRURGICO DE PERITONITE
409050113,TRATAMENTO CIRURGICO DE PRIAPRISMO
409040231,TRATAMENTO CIRURGICO DE VARICOCELE
303040050,TRATAMENTO CLINICO DE COREIA AGUDA
303020059,TRATAMENTO DE ANEMIAS NUTRICIONAIS
303080051,TRATAMENTO DE DERMATITES E ECZEMAS
303070080,TRATAMENTO DE DOENCAS DO PERITONIO
303150025,TRATAMENTO DE DOENCAS GLOMERULARES
303060174,TRATAMENTO DE HIPERTENSAO PULMONAR
303060247,TRATAMENTO DE OUTRAS VASCULOPATIAS
409020125,URETROPLASTIA (RESSECCAO DE CORDA)
406030138,VALVULOPLASTIA PULMONAR PERCUTANEA
404010431,ARITENOIDECTOMIA COM LARINGOFISSURA
407020063,COLECTOMIA PARCIAL (HEMICOLECTOMIA)
403030013,CRANIOTOMIA PARA BIOPSIA ENCEFALICA
416040128,DUODENOPANCREATECTOMIA EM ONCOLOGIA
407010033,ESOFAGECTOMIA DISTAL C/ TORACOTOMIA
407010041,ESOFAGECTOMIA DISTAL S/ TORACOTOMIA
407040188,LIBERACAO DE ADERENCIAS INTESTINAIS
407030174,MARSUPIALIZACAO DE ABSCESSO / CISTO
416110029,PNEUMOMECTOMIA RADICAL EM ONCOLOGIA
416050115,PROCTOCOLECTOMIA TOTAL EM ONCOLOGIA
409040193,RESSECCAO PARCIAL DA BOLSA ESCROTAL
405030070,RETINOPEXIA C/ INTROFLEXAO ESCLERAL
406020426,REVASCULARIZACAO DO MEMBRO SUPERIOR
403050120,SIMPATECTOMIA LOMBAR VIDEOCIRURGICA
403050138,SIMPATECTOMIA TORACICA A CEU ABERTO
408050373,TENOSINOVECTOMIA EM MEMBRO INFERIOR
408020300,TENOSINOVECTOMIA EM MEMBRO SUPERIOR
416060080,TRAQUELECTOMIA RADICAL EM ONCOLOGIA
412010097,TRAQUEOPLASTIA POR ACESSO TORÁCICO
409010510,TRATAMENTO CIRURGICO DE URETEROCELE
303040173,TRATAMENTO DE DISTROFIAS MUSCULARES
303060131,TRATAMENTO DE EDEMA AGUDO DE PULMAO
303170093,TRATAMENTO EM PSIQUIATRIA (POR DIA)
406010013,ABERTURA DE COMUNICACAO INTER-ATRIAL
408060050,ARTRODESE DE PEQUENAS ARTICULAÇåES
408010045,ARTROPLASTIA ESCAPULO-UMERAL PARCIAL
406010315,CORRECAO DE FISTULA AORTO-CAVITARIAS
404010067,DRENAGEM DE ABSCESSO PERIAMIGDALIANO
407020187,ENTEROANASTOMOSE (QUALQUER SEGMENTO)
406050015,ESTUDO ELETROFISIOLOGICO DIAGNOSTICO
416020020,LINFADENECTOMIA PELVICA EM ONCOLOGIA
416030300,MANDIBULECTOMIA PARCIAL EM ONCOLOGIA
416010113,ORQUIECTOMIA UNILATERAL EM ONCOLOGIA
416040110,PANCREATECTOMIA PARCIAL EM ONCOLOGIA
405050224,RECONSTITUICAO DE FORNIX CONJUNTIVAL
408050144,RECONSTRUCAO LIGAMENTAR DO TORNOZELO
408060352,RETIRADA DE FIO OU PINO INTRA-ÓSSEO
416110061,SEGMENTECTOMIA PULMONAR EM ONCOLOGIA
416110053,TORACOTOMIA EXPLORADORA EM ONCOLOGIA
408020318,TRANSPOSIÇÃO DA ULNA PARA O RÁDIO
303030046,TRATAMENTO DE DISTURBIOS METABOLICOS
303060182,TRATAMENTO DE HIPERTENSAO SECUNDARIA
303060212,TRATAMENTO DE INSUFICIENCIA CARDIACA
408030119,ARTRODESE CERVICAL ANTERIOR UM NÍVEL
408020040,ARTROPLASTIA DE ARTICULAÇÃO DA MÇO
408050063,ARTROPLASTIA TOTAL PRIMARIA DO JOELHO
405040024,CRIOTERAPIA DE TUMORES INTRA-OCULARES
411020013,CURETAGEM POS-ABORTAMENTO / PUERPERAL
409060054,CURETAGEM UTERINA EM MOLA HIDATIFORME
415040027,DEBRIDAMENTO DE FASCEITE NECROTIZANTE
408040130,EPIFISIODESE FEMORAL PROXIMAL IN SITU
416030246,EXENTERAÇÃO DE ÓRBITA EM ONCOLOGIA
405040091,EXERESE DE TUMOR MALIGNO INTRA-OCULAR
406010536,FECHAMENTO DE COMUNICACAO INTERATRIAL
407010122,GASTRECTOMIA C/ OU S/ DESVIO DUODENAL
407010173,GASTROPLASTIA C/ DERIVACAO INTESTINAL
405050135,IMPLANTE DE PROTESE ANTI-GLAUCOMATOSA
409020052,LIGADURA / SECCAO DE VASOS ABERRANTES
413040089,MAMOPLASTIA PÓS-CIRURGIA BARIÁTRICA
416010091,NEFROURETERECTOMIA TOTAL EM ONCOLOGIA
416030084,PARATIREOIDECTOMIA TOTAL EM ONCOLOGIA
411010042,PARTO CESARIANO C/ LAQUEADURA TUBARIA
405040156,RECONSTITUICAO DE CAVIDADE ORBITÁRIA
403010144,RECONSTRUCAO CRANIANA / CRANIO-FACIAL
405040210,REPOSICIONAMENTO DE LENTE INTRAOCULAR
407020411,RETOSSIGMOIDECTOMIA ABDOMINO-PERINEAL
403050146,SIMPATECTOMIA TORACICA VIDEOCIRURGICA
407020470,TRATAMENTO CIRURGICO DE PROLAPSO ANAL
303060263,TRATAMENTO DE PE DIABETICO COMPLICADO
303010215,TRATAMENTO DE TUBERCULOSE (A15 a A19)
408060042,AMPUTAÇÃO / DESARTICULAÇÃO DE DEDO
201010208,BIOPSIA DE FIGADO EM CUNHA / FRAGMENTO
404010580,CIRURGIA DE IMPLANTE COCLEAR BILATERAL
407030069,COLEDOCOTOMIA C/ OU S/ COLECISTECTOMIA
409040010,DRENAGEM DE ABSCESSO DA BOLSA ESCROTAL
406050040,ESTUDO ELETROFISIOLOGICO TERAPEUTICO I
416080014,EXCISAO E ENXERTO DE PELE EM ONCOLOGIA
416050107,EXENTERACAO PELVICA TOTAL EM ONCOLOGIA
409040088,EXERESE DE LESAO DO CORDAO ESPERMATICO
409040096,EXPLORACAO CIRURGICA DA BOLSA ESCROTAL
404010130,EXTIRPACAO DE TUMOR DO CAVUM E FARINGE
404030076,LABIOPLASTIA UNILATERAL EM DOIS TEMPOS
410010057,MASTECTOMIA RADICAL C/ LINFADENECTOMIA
416040225,METASTASECTOMIA HEPÁTICA EM ONCOLOGIA
403030145,MICROCIRURGIA PARA TUMOR INTRACRANIANO
405030193,PAN-FOTOCOAGULAÇÃO DE RETINA A LASER
310010047,PARTO NORMAL EM GESTACAO DE ALTO RISCO
410010073,PLASTICA MAMARIA FEMININA NAO ESTETICA
415020050,PROCEDIMENTOS SEQUENCIAIS EM ONCOLOGIA
415020069,PROCEDIMENTOS SEQUENCIAIS EM ORTOPEDIA
405050402,RADIAÇÃO PARA CROSS LINKING CORNEANO
404020470,RECONSTRUÇÃO DO SULCO GENGIVO-LABIAL
409010383,RESSECCAO ENDOSCOPICA DE LESAO VESICAL
404010482,SEPTOPLASTIA PARA CORREÇÃO DE DESVIO
404010520,SEPTOPLASTIA REPARADORA NÂO ESTÉTICA
413040151,TRANSFERENCIA INTERMEDIARIA DE RETALHO
408050900,TRATAMENTO CIRÚRGICO DO HALUX RIGIDUS
303060034,TRATAMENTO DE CARDIOPATIA HIPERTROFICA
303140119,TRATAMENTO DE OUTRAS DOENCAS DA PLEURA
303060298,TRATAMENTO DE TROMBOSE VENOSA PROFUNDA
408060018,ALONGAMENTO / ENCURTAMENTO MIOTENDINOSO
416040012,ANASTOMOSE BILEO-DIGESTIVA EM ONCOLOGIA
201010127,BIOPSIA DE CORPO VERTEBRAL A CEU ABERTO
404010571,CIRURGIA DE IMPLANTE COCLEAR UNILATERAL
406010366,CORRECAO DE INTERRUPCAO DO ARCO AORTICO
409010138,DRENAGEM DE ABSCESSO RENAL / PERI-RENAL
407010130,GASTRECTOMIA PARCIAL C/ OU S/ VAGOTOMIA
407010360,GASTRECTOMIA VERTICAL EM MANGA (SLEEVE)
409070190,MARSUPIALIZACAO DE GLANDULA DE BARTOLIN
408060166,OSTECTOMIA DE OSSOS DA MÇO E/OU DO PÉ
408060182,OSTEOTOMIA DE OSSOS DA MÇO E/OU DO PÉ
416030190,PELVIGLOSSOMANDIBULECTOMIA EM ONCOLOGIA
406020370,PONTE-TROMBOENDARTERECTOMIA DE CAROTIDA
405050232,RECONSTRUCAO DE CAMARA ANTERIOR DO OLHO
413040127,RECONSTRUCAO DE POLO SUPERIOR DA ORELHA
408040165,RECONSTRUÇÃO OSTEOPLASTICA DO QUADRIL
409050148,REDESIGNAÇÃO SEXUAL NO SEXO MASCULINO
408060336,RETIRADA DE CORPO ESTRANHO INTRA-ÓSSEO
408060409,RETIRADA DE TRAÇÃO TRANS-ESQUELÉTICA
408050349,REVISAO CIRURGICA DO PE TORTO CONGENITO
411010077,SUTURA DE LACERACOES DE TRAJETO PELVICO
408060476,TENOPLASTIA OU ENXERTO DE TENDÇO UNICO
416030297,TRAQUEOSTOMIA TRANSTUMORAL EM ONCOLOGIA
408050446,TRATAMENTO CIRURGICO DE COALIZAO TARSAL
401020126,TRATAMENTO CIRURGICO DE ESCALPO PARCIAL
412040212,TRATAMENTO CIRURGICO DE PAREDE TORACICA
303040041,TRATAMENTO CLINICO DE ABSCESSO CEREBRAL
303010100,TRATAMENTO DE HELMINTÍASES (B65 a B83)
305020048,TRATAMENTO DE INSUFICIENCIA RENAL AGUDA
409070297,VULVECTOMIA AMPLIADA C/ LINFADENECTOMIA
408050020,AMPUTACAO / DESARTICULACAO DE PE E TARSO
416060021,ANEXECTOMIA UNI / BILATERAL EM ONCOLOGIA
408030070,ARTRODESE CERVICAL ANTERIOR DOIS NÍVEIS
408030062,ARTRODESE CERVICAL ANTERIOR TRÊS NIVEIS
408040033,ARTRODESE DE ARTICULAÇåES SACROILIACAS
408030186,ARTRODESE OCCIPTO-CERVICAL (C3)POSTERIOR
408030194,ARTRODESE OCCIPTO-CERVICAL (C4)POSTERIOR
408030216,ARTRODESE OCCIPTO-CERVICAL (C6)POSTERIOR
409070050,COLPOPERINEOPLASTIA ANTERIOR E POSTERIOR
409070157,EXERESE DE GLANDULA DE BARTHOLIN / SKENE
407040137,HERNIORRAFIA INGUINAL VIDEOLAPAROSCOPICA
416020194,LINFADENECTOMIA MEDIASTINAL EM ONCOLOGIA
406020213,LINFADENECTOMIA RADICAL AXILAR BILATERAL
409040118,NEOSTOMIA DE EPIDIDIMO / CANAL DEFERENTE
408010100,OSTECTOMIA DA CLAVÍCULA OU DA ESCÁPULA
408010118,OSTEOTOMIA DA CLAVÍCULA OU DA ESCÁPULA
406020361,PONTE-TROMBOENDARTERECTOMIA AORTO-ILIACA
404020240,RECONSTRUÇÃO TOTAL OU PARCIAL DE NARIZ
403050103,RIZOTOMIA PERCUTANEA POR RADIOFREQUENCIA
412040131,TORACECTOMIA SEM RECONSTRUÇÃO PARIETAL
415030013,TRATAMENTO CIRURGICO EM POLITRAUMATIZADO
408020326,TRATAMENTO CIRÚRGICO DE DEDO EM GATILHO
408060603,TRATAMENTO CIRÚRGICO DE HERNIA MUSCULAR
408050748,TRATAMENTO CIRÚRGICO DE PÉ PLANO VALGO
303040211,TRATAMENTO DE ENCEFALOPATIA HIPERTENSIVA
303060220,TRATAMENTO DE LINFADENITES INESPECIFICAS
303060280,TRATAMENTO DE SINDROME CORONARIANA AGUDA
403040019,ANASTOMOSE VASCULAR EXTRA / INTRACRANIANA
408030208,ARTRODESE OCCIPTO-CERVICAL (C5) POSTERIOR
408050047,ARTROPLASTIA DE JOELHO (NAO CONVENCIONAL)
406010110,CARDIOTOMIA P/ RETIRADA DE CORPO ESTRANHO
405010010,CORRECAO CIRURGICA DE ENTROPIO E ECTROPIO
408040122,EPIFISIODESE DO TROCANTER MAIOR DO FÊMUR
414010345,EXCISÇO DE CÁLCULO DE GLÂNDULA SALIVAR
407040153,HERNIORRAFIA UMBILICAL VIDEOLAPAROSCOPICA
416060064,HISTERECTOMIA TOTAL AMPLIADA EM ONCOLOGIA
409060178,HISTEROSCOPIA CIRURGICA C/ RESSECTOSCOPIO
409010170,INSTALACAO ENDOSCOPICA DE CATETER DUPLO J
406020221,LINFADENECTOMIA RADICAL AXILAR UNILATERAL
411010026,PARTO CESARIANO EM GESTACAO DE ALTO RISCO
406020337,PONTE DE RAMOS DOS TRONCOS SUPRA-AORTICOS
406020353,PONTE-TROMBOENDARTERECTOMIA AORTO-FEMURAL
404020780,RECONSTRUÇÃO TOTAL DE MANDÍBULA/MAXILA
404020232,RECONSTRUÇÃO TOTAL OU PARCIAL DE LÁBIO
409020095,RESSECCAO DE PROLAPSO DA MUCOSA DA URETRA
409020109,RESSECCAO E FECHAMENTO DE FISTULA URETRAL
416110070,RESSECÇAO PULMONAR EM CUNHA EM ONCOLOGIA
408060484,TENORRAFIA ÚNICA EM TÚNEL OSTEO-FIBROSO
412040166,TORACOSTOMIA COM DRENAGEM PLEURAL FECHADA
505020106,TRANSPLANTE DE RIM (ORGAO DE DOADOR VIVO)
412010100,TRAQUEOPLASTIA E/OU LARINGOTRAQUEOPLASTIA
403010225,TRATAMENTO CIRURGICO DE DISRAFISMO ABERTO
403010233,TRATAMENTO CIRURGICO DE DISRAFISMO OCULTO
411020048,TRATAMENTO CIRURGICO DE GRAVIDEZ ECTOPICA
408040300,TRATAMENTO CIRÚRGICO DE FRATURA DO SACRO
408050560,TRATAMENTO CIRÚRGICO DE FRATURA DO TALUS
303060123,TRATAMENTO DE DOENCA REUMATICA S/ CARDITE
303040203,TRATAMENTO DE DOENCAS NEURO-DEGENERATIVAS
303060190,TRATAMENTO DE INFARTO AGUDO DO MIOCÁRDIO
305020056,TRATAMENTO DE INSUFICIENCIA RENAL CRONICA
412020084,TRATAMENTO DE MEDIASTINITE (QUALQUER VIA)
303070110,TRATAMENTO DE OUTRAS DOENCAS DO INTESTINO
303010037,TRATAMENTO DE OUTRAS DOENÇAS BACTERIANAS
303040289,TRATAMENTO DE SURTO DE ESCLEROSE MULTIPLA
303170107,TRATAMENTO EM PSIQUIATRIA EM HOSPITAL DIA
409020168,URETROSTOMIA PERINEAL / CUTANEA / EXTERNA
403070015,ANGIOPLASTIA INTRACRANIANA EM VASO-ESPASMO
408030100,ARTRODESE CERVICAL ANTERIOR QUATRO NÍVEIS
407010386,CIRURGIA BARIÁTRICA POR VIDEOLAPAROSCOPIA
406010323,CORRECAO DE HIPERTROFIA SEPTAL ASSIMETRICA
406010404,CORRECAO DE PERSISTENCIA DO CANAL ARTERIAL
416050093,EXENTERACAO PELVICA POSTERIOR EM ONCOLOGIA
406010544,FECHAMENTO DE COMUNICACAO INTERVENTRICULAR
407030166,HEPATOTOMIA E DRENAGEM DE ABSCESSO / CISTO
407040056,HERNIOPLASTIA DIAFRAGMATICA (VIA TORACICA)
406020230,LINFADENECTOMIA RADICAL CERVICAL BILATERAL
406020256,LINFADENECTOMIA RADICAL INGUINAL BILATERAL
403030129,MICROCIRURGIA PARA TUMOR DA BASE DO CRANIO
404020488,OSTEOTOMIA DAS FRATURAS ALVEOLO-DENTÁRIAS
416030203,PAROTIDECTOMIA TOTAL AMPLIADA EM ONCOLOGIA
406010820,PLASTICA VALVAR E/OU TROCA VALVAR MULTIPLA
406020388,PONTE-TROMBOENDARTERECTOMIA ILIACO-FEMURAL
415020077,PROCEDIMENTOS SEQUENCIAIS EM NEUROCIRURGIA
416040195,QUIMIOEMBOLIZAÇÃO DE CARCINOMA HEPÁTICO
416030289,RECONSTRUÇÃO PARA FONAÇÂO EM ONCOLOGIA
407020365,REDUCAO CIRURGICA DE VOLVO POR LAPAROTOMIA
412040085,REDUÇÃO CIRÚRGICA DE FRATURA DE COSTELA
409040185,REPARACAO E OPERACAO PLASTICA DO TESTICULO
408030550,RESSECÇÃO DE UM CORPO VERTEBRAL CERVICAL
408060328,RETIRADA DE CORPO ESTRANHO INTRA-ARTICULAR
416050077,RETOSSIGMOIDECTOMIA ABDOMINAL EM ONCOLOGIA
409010413,TRATAMENTO CIRURGICO DE BEXIGA NEUROGENICA
409010472,TRATAMENTO CIRURGICO DE FISTULAS URETERAIS
405050356,TRATAMENTO CIRURGICO DE GLAUCOMA CONGENITO
407010300,TRATAMENTO CIRURGICO DE VARIZES ESOFAGICAS
408050640,TRATAMENTO CIRÚRGICO DE GIGANTISMO DO PÉ
408050756,TRATAMENTO CIRÚRGICO DE PÉ TALO VERTICAL
404020429,TRATAMENTO CIRÚRGICO DO SOALHO DA ÓRBITA
303040157,TRATAMENTO DE COMPLICACOES DA HIDROCEFALIA
406040338,TRATAMENTO ENDOVASCULAR DO PSEUDOANEURISMA
406011141,TROCA DE GERADOR DE MARCAPASSO MULTI-SITIO
408040041,ARTROPLASTIA DE QUADRIL (NÇO CONVENCIONAL)
408040068,ARTROPLASTIA TOTAL DE CONVERSÇO DO QUADRIL
409010073,CISTOPLASTIA (CORRECAO DE EXTROFIA VESICAL)
406010498,CORRECAO DO CANAL ATRIO-VENTRICULAR (TOTAL)
413040038,DERMOLIPECTOMIA (1 OU 2 MEMBROS INFERIORES)
407020152,DRENAGEM DE HEMATOMA / ABSCESSO RETRO-RETAL
416050050,EXCISAO LOCAL DE TUMOR DO RETO EM ONCOLOGIA
407040048,HERNIOPLASTIA DIAFRAGMATICA (VIA ABDOMINAL)
406020248,LINFADENECTOMIA RADICAL CERVICAL UNILATERAL
406020264,LINFADENECTOMIA RADICAL INGUINAL UNILATERAL
416010130,PROSTATOVESICULECTOMIA RADICAL EM ONCOLOGIA
404020224,RECONSTRUÇÃO TOTAL DE CAVIDADE ORBITÁRIA
408050276,REDUCAO INCRUENTA DE LUXACAO FEMURO-PATELAR
408020288,REIMPLANTE OU REVASCULARIZAÇÃO DO POLEGAR
406010862,REPOSICIONAMENTO DE ELETRODOS DE MARCAPASSO
408060344,RETIRADA DE ESPAÇADORES / OUTROS MATERIAIS
404020321,RINOPLASTIA PARA DEFEITOS PÓS-TRAUMÁTICOS
407030247,TRATAMENTO CIRURGICO DE CISTOS PANCREATICOS
409070220,TRATAMENTO CIRURGICO DE COAPTACAO DE NINFAS
403010276,TRATAMENTO CIRURGICO DE HEMATOMA EXTRADURAL
406020566,TRATAMENTO CIRURGICO DE VARIZES (BILATERAL)
401020150,TRATAMENTO CIRURGICO DO SINUS PRE-AURICULAR
413040232,TRATAMENTO CIRURGICO NAO ESTETICO DA ORELHA
404020348,TRATAMENTO CIRÚRGICO DE ATRESIA NARINÁRIA
408020474,TRATAMENTO CIRÚRGICO DE GIGANTISMO DA MÇO
304100021,TRATAMENTO CLÍNICO DE PACIENTE ONCOLÓGICO
303060042,TRATAMENTO DE CARDIOPATIA ISQUEMICA CRONICA
303180064,TRATAMENTO DE DOENÇAS DISSEMINADAS EM AIDS
308040023,TRATAMENTO DE EVENTOS ADVERSOS POS-VACINAIS
406011206,TROCA VALVAR C/ REVASCULARIZACAO MIOCARDICA
407020012,AMPUTACAO COMPLETA ABDOMINO-PERINEAL DO RETO
406010196,CORREÇÃO DE COMUNICAÇÃO INTERVENTRICULAR
405050097,FACECTOMIA C/ IMPLANTE DE LENTE INTRA-OCULAR
405050100,FACECTOMIA S/ IMPLANTE DE LENTE INTRA-OCULAR
407040072,HERNIOPLASTIA EPIGASTRICA VIDEOLAPAROSCOPICA
407040102,HERNIOPLASTIA INGUINAL / CRURAL (UNILATERAL)
404010199,LARINGECTOMIA TOTAL C/ ESVAZIAMENTO CERVICAL
412040042,LIGADURA DO DUCTO TORACICO (QUALQUER METODO)
416020224,LINFADENECTOMIA RETROPERITONIAL EM ONCOLOGIA
503020028,NEFROURETERECTOMIA UNILATERAL P/ TRANSPLANTE
404020518,OSTEOSSÍNTESE DE FRATURA COMPLEXA DA MAXILA
310010055,PARTO NORMAL EM CENTRO DE PARTO NORMAL (CPN)
407020330,PROCTOCOLECTOMIA TOTAL C/ RESERVATORIO ILEAL
403030161,RESSECÇÃO DE TUMOR RAQUIMEDULAR EXTRADURAL
404020313,RETIRADA DE CORPO ESTRANHO DOS OSSOS DA FACE
416090079,SACRALECTOMIA (ENDOPELVECTOMIA) EM ONCOLOGIA
409070238,TRATAMENTO CIRURGICO DE FISTULA RETO-VAGINAL
409010464,TRATAMENTO CIRURGICO DE FISTULA VESICO-RETAL
406020574,TRATAMENTO CIRURGICO DE VARIZES (UNILATERAL)
303090316,TRATAMENTO DAS POLIARTROPATIAS INFLAMATORIAS
303110104,TRATAMENTO DE OUTRAS MALFORMACOES CONGENITAS
406030030,ANGIOPLASTIA CORONARIANA C/ IMPLANTE DE STENT
406010331,CORRECAO DE HIPOPLASIA DE VENTRICULO ESQUERDO
403010039,CRANIOTOMIA DESCOMPRESSIVA DA FOSSA POSTERIOR
408010070,DESARTICULACAO DA ARTICULACAO ESCAPULO-UMERAL
403010110,DESCOMPRESSAO DE ORBITA POR DOENÇA OU TRAUMA
409060143,HISTERECTOMIA TOTAL AMPLIADA (WERTHEIN-MEIGS)
406010684,IMPLANTE DE MARCAPASSO TEMPORARIO TRANSVENOSO
403020077,NEUROLISE NAO FUNCIONAL DE NERVOS PERIFERICOS
404020704,OSTEOSSÍNTESE DA FRATURA DO OSSO ZIGOMÁTICO
407020349,PROCTOPEXIA ABDOMINAL POR PROCIDENCIA DO RETO
407020357,PROCTOPLASTIA E PROCTORRAFIA POR VIA PERINEAL
408050128,REALINHAMENTO DO MECANISMO EXTENSOR DO JOELHO
406010846,RECONSTRUCAO DA RAIZ DA AORTA C/ TUBO VALVADO
404020739,RECONSTRUÇÃO PARCIAL DE MANDÍBULA / MAXILA
505020092,TRANSPLANTE DE RIM (ORGAO DE DOADOR FALECIDO)
407020462,TRATAMENTO CIRURGICO DE MA ROTACAO INTESTINAL
408050535,TRATAMENTO CIRÚRGICO DE FRATURA DO CALCÂNEO
408050721,TRATAMENTO CIRÚRGICO DE METATARSO PRIMO VARO
408050764,TRATAMENTO CIRÚRGICO DE PÉ TORTO CONGÊNITO
303040130,TRATAMENTO CLINICO DAS MIELITES / MIELOPATIAS
303040076,TRATAMENTO CONSERVADOR DA HEMORRAGIA CEREBRAL
303140151,TRATAMENTO DE PNEUMONIAS OU INFLUENZA (GRIPE)
303160071,TRATAMENTO DE TRAUMATISMO DE PARTO NO NEONATO
406020582,TROCA DE AORTA DESCENDENTE (INCLUI ABDOMINAL)
408020016,AMPUTAÇÃO / DESARTICULAÇÃO DE MÇO E PUNHO
406020043,ANEURISMECTOMIA DE AORTA ABDOMINAL INFRA-RENAL
412010020,COLOCAÇÃO DE MOLDE BRONQUICO POR TORACOTOMIA
407040030,DRENAGEM DE HEMATOMA / ABSCESSO PRE-PERITONEAL
412030101,DRENAGEM TUBULAR PLEURAL ABERTA (PLEUROSTOMIA)
409010146,EXTRACAO ENDOSCOPICA DE CALCULO EM PELVE RENAL
407020241,FECHAMENTO DE ENTEROSTOMIA (QUALQUER SEGMENTO)
409060119,HISTERECTOMIA C/ ANEXECTOMIA (UNI / BILATERAL)
416020216,LINFADENECTOMIA AXILAR UNILATERAL EM ONCOLOGIA
412020025,MEDIASTINOTOMIA EXTRAPLEURAL POR VIA POSTERIOR
412040050,MOBILIZACAO DE RETALHOS MUSCULARES / DO OMENTO
415020034,OUTROS PROCEDIMENTOS COM CIRURGIAS SEQUENCIAIS
406020302,PLASTIA ARTERIAL C/ REMENDO (QUALQUER TECNICA)
407020322,PLASTICA ANAL EXTERNA / ESFINCTEROPLASTIA ANAL
406010811,PLASTICA VALVAR C/ REVASCULARIZACAO MIOCARDICA
416030238,RESSECCAO DE TUMOR DE RINOFARINGE EM ONCOLOGIA
408020091,RESSECÇÃO DO OLECRANO E/OU CABEÇA DO RÁDIO
412040115,RETIRADA DE CORPO ESTRANHO DA PAREDE TORÁCICA
405010150,SONDAGEM DE CANAL LACRIMAL SOB ANESTESIA GERAL
403010195,TRATAMENTO CIRURGICO DE ABSCESSO INTRACRANIANO
409070246,TRATAMENTO CIRURGICO DE FISTULA URETRO-VAGINAL
409060283,TRATAMENTO CIRURGICO DE FISTULA VESICO-UTERINA
409070254,TRATAMENTO CIRURGICO DE FISTULA VESICO-VAGINAL
403010284,TRATAMENTO CIRURGICO DE HEMATOMA INTRACEREBRAL
404010407,TRATAMENTO CIRURGICO DE RINITE CRONICA (OZENA)
408010150,TRATAMENTO CIRÚRGICO DE FRATURA DA CLAVÍCULA
408040297,TRATAMENTO CIRÚRGICO DE FRATURA DO ACETÁBULO
303010045,TRATAMENTO DE DOENÇAS BACTERIANAS ZOONÓTICAS
303110058,TRATAMENTO DE FENDA LABIAL E/OU FENDA PALATINA
303060255,TRATAMENTO DE PARADA CARDIACA C/ RESSUSCITACAO
303030054,TRATAMENTO DE TRANSTORNOS DA GLANDULA TIREOIDE
406011125,TROCA DE GERADOR DE MARCAPASSO DE CAMARA DUPLA
406011133,TROCA DE GERADOR DE MARCAPASSO DE CAMARA UNICA
408030232,ARTRODESE TORACO-LOMBO-SACRA ANTERIOR UM NÍVEL
406010340,CORRECAO DE INSUFICIENCIA DA VALVULA TRICUSPIDE
413040070,DERMOLIPECTOMIA CRURAL POS-CIRURGIA BARIÁTRICA
403040027,DESCOMPRESSAO NEUROVASCULAR DE NERVOS CRANIANOS
405050151,IMPLANTE SECUNDARIO DE LENTE INTRA-OCULAR - LIO
404020550,OSTEOSSÍNTESE DE FRATURA SIMPLES DE MANDÍBULA
413040267,RECONSTRUÇÃO POR MICROCIRURGIA QUALQUER PARTE
408050241,REDUCAO INCRUENTA DE FRATURA DOS OSSOS DO TARSO
416090133,RESSECCAO DE TUMOR DE PARTES MOLES EM ONCOLOGIA
416040250,RESSECCAO DE TUMOR RETROPERITONIAL EM ONCOLOGIA
416030033,RESSECÇÃO DE GLANDULA SUBLINGUAL EM ONCOLOGIA
416030327,RESSECÇÃO DE PAVILHÇO AURICULAR EM ONCOLOGIA
402010051,TIREOIDECTOMIA TOTAL C/ ESVAZIAMENTO GANGLIONAR
409010456,TRATAMENTO CIRURGICO DE FISTULA VESICO-ENTERICA
403010306,TRATAMENTO CIRURGICO DE HEMATOMA SUBDURAL AGUDO
407010297,TRATAMENTO CIRURGICO DE REFLUXO GASTROESOFAGICO
409010502,TRATAMENTO CIRURGICO DE REFLUXO VESICO-URETERAL
408020636,TRATAMENTO CIRÚRGICO DE SINOSTOSE RÁDIO ULNAR
303180013,TRATAMENTO DE AFECÇåES ASSOCIADAS AO HIV/AIDS
303020032,TRATAMENTO DE ANEMIA APLASTICA E OUTRAS ANEMIAS
303040165,TRATAMENTO DE CRISES EPILETICAS NAO CONTROLADAS
308030028,TRATAMENTO DE EFEITOS DE OUTRAS CAUSAS EXTERNAS
308030036,TRATAMENTO DE QUEIMADURAS CORROSOES E GELADURAS
401020169,TRATAMENTO EM ESTAGIOS SUBSEQUENTES DE ENXERTIA
406010056,AMPLIACAO DE VIA DE SAIDA DO VENTRICULO ESQUERDO
408050012,AMPUTACAO / DESARTICULACAO DE MEMBROS INFERIORES
416050018,AMPUTACAO ABDOMINO-PERINEAL DE RETO EM ONCOLOGIA
416010229,AMPUTAÇÃO TOTAL AMPLIADA DE PENIS EM ONCOLOGIA
408030267,ARTRODESE TORACO-LOMBO-SACRA POSTERIOR UM NÍVEL
408010037,ARTROPLASTIA ESCAPULO-UMERAL (NÇO CONVENCIONAL)
416040209,BIOPSIAS MULTIPLAS INTRA-ABDOMINAIS EM ONCOLOGIA
416050026,COLECTOMIA PARCIAL (HEMICOLECTOMIA) EM ONCOLOGIA
403030048,CRANIOTOMIA PARA RETIRADA DE TUMOR INTRACRANIANO
403010098,DERIVACAO VENTRICULAR EXTERNAR-SUBGALEAL EXTERNA
408030437,DISCECTOMIA CERVICAL POR VIA ANTERIOR (1 NÍVEL)
416040039,ESOFAGOGASTRECTOMIA COM TORACOTOMIA EM ONCOLOGIA
416040055,ESOFAGOGASTRECTOMIA SEM TORACOTOMIA EM ONCOLOGIA
403080010,IMPLANTE DE ELETRODO PARA ESTIMULAÇÃO CEREBRAL
416020232,LINFADENECTOMIA INGUINAL UNILATERAL EM ONCOLOGIA
403030080,MICROCIRURGIA DE TUMOR INTRADURAL E EXTRAMEDULAR
404020500,OSTEOSSÍNTESE DA FRATURA COMPLEXA DA MANDÍBULA
408020210,REDUÇÃO INCRUENTA DE FRATURA DOS METACARPIANOS
408050322,REPARO DE BAINHA TENDINOSA AO NIVEL DO TORNOZELO
505020050,TRANSPLANTE DE FIGADO (ORGAO DE DOADOR FALECIDO)
406020477,TRANSPOSICAO DE VEIAS DO SISTEMA VENOSO PROFUNDO
403010322,TRATAMENTO CIRÚRGICO DE OSTEOMIELITE DO CRÂNIO
408060662,TRATAMENTO CIRÚRGICO DE POLIDACTILIA ARTICULADA
303010061,TRATAMENTO DE DOENÇAS INFECCIOSAS E INTESTINAIS
303040220,TRATAMENTO DE ESCLEROSE GENERALIZADA PROGRESSIVA
303140097,TRATAMENTO DE HEMORRAGIAS DAS VIAS RESPIRATORIAS
406011036,TROCA DE ELETRODOS DE MARCAPASSO DE CAMARA DUPLA
406011044,TROCA DE ELETRODOS DE MARCAPASSO DE CAMARA UNICA
408030240,ARTRODESE TORACO-LOMBO-SACRA ANTERIOR DOIS NIVEIS
408040084,ARTROPLASTIA TOTAL PRIMÁRIA DO QUADRIL CIMENTADA
408050071,ARTROPLASTIA UNICOMPARTIMENTAL PRIMARIA DO JOELHO
405020023,CORRECAO CIRURGICA DO ESTRABISMO (ATE 2 MUSCULOS)
413040054,DERMOLIPECTOMIA ABDOMINAL POS-CIRURGIA BARIATRICA
413040062,DERMOLIPECTOMIA BRAQUIAL POS-CIRURGIA BARIÁTRICA
401020118,HOMOENXERTIA (ATO CIRURGICO PRE E POS-OPERATORIO)
403020042,MICROCIRURGIA DE PLEXO BRAQUIAL COM MICROENXERTIA
403080053,NEUROTOMIA SUPERSELETIVA PARA MOVIMENTOS ANORMAIS
406040273,OCLUSAO PERCUTANEA ENDOVASCULAR DE ARTERIA / VEIA
408050152,RECONSTRUCAO LIGAMENTAR EXTRA-ARTICULAR DO JOELHO
413040143,RECONSTRUCAO TOTAL DE ORELHA (MULTIPLOS ESTAGIOS)
416030149,RESSECCAO EM CUNHA DE LABIO E SUTURA EM ONCOLOGIA
403010314,TRATAMENTO CIRURGICO DE HEMATOMA SUBDURAL CRONICO
409070289,TRATAMENTO CIRURGICO DE VAGINA SEPTADA / ATRESICA
408050543,TRATAMENTO CIRÚRGICO DE FRATURA DO PILÇO TIBIAL
408050616,TRATAMENTO CIRÚRGICO DE FRATURA SUBTROCANTERIANA
408020644,TRATAMENTO CIRÚRGICO P/ CENTRALIZAÇÃO DO PUNHO
303060085,TRATAMENTO DE COMPLICACOES CARDIACAS POS-CIRURGIA
303150041,TRATAMENTO DE DOENCAS RENAIS TUBULO-INTERSTICIAIS
303070099,TRATAMENTO DE ENTERITES E COLITES NAO INFECCIOSAS
303150050,TRATAMENTO DE OUTRAS DOENCAS DO APARELHO URINARIO
406020019,ANASTOMOSE ESPLENO-RENAL / OUTRA DERIVACAO CENTRAL
413010015,ATENDIMENTO DE URGENCIA EM MEDIO E GRANDE QUEIMADO
415040035,DEBRIDAMENTO DE ULCERA / DE TECIDOS DESVITALIZADOS
406010650,IMPLANTE DE MARCAPASSO DE CAMARA DUPLA TRANSVENOSO
406010676,IMPLANTE DE MARCAPASSO DE CAMARA UNICA TRANSVENOSO
408060174,OSTECTOMIA DE OSSOS LONGOS EXCETO DA MÇO E DO PÉ
408060190,OSTEOTOMIA DE OSSOS LONGOS EXCETO DA MÇO E DO PÉ
405010125,RECONSTITUICAO PARCIAL DE PALPEBRA COM TARSORRAFIA
411010050,REDUCAO MANUAL DE INVERSAO UTERINA AGUDA POS-PARTO
416030025,RESSECÇÃO DE GLANDULA SALIVAR MENOR EM ONCOLOGIA
416030041,RESSECÇÃO DE GLANDULA SUBMANDIBULAR EM ONCOLOGIA
409010391,RETIRADA PERCUTANEA DE CALCULO URETERAL C/ CATETER
403010241,TRATAMENTO CIRURGICO DE FISTULA LIQUORICA CRANIANA
403010217,TRATAMENTO CIRÚRGICO DE CRANIOSSINOSTOSE COMPLEXA
303040114,TRATAMENTO CONSERVADOR DE TRAUMATISMO RAQUIMEDULAR
305020030,TRATAMENTO DE HIPERTENSAO NEFROGENA E RENOVASCULAR
303100044,TRATAMENTO DE INTERCORRENCIAS CLINICAS NA GRAVIDEZ
303070102,TRATAMENTO DE OUTRAS DOENCAS DO APARELHO DIGESTIVO
406040320,TRATAMENTO ENDOVASCULAR DE FISTULAS ARTERIOVENOSAS
408030780,VERTEBROPLASTIA POR DISPOSITIVO GUIADO DOIS NIVEIS
406030022,ANGIOPLASTIA CORONARIANA C/ IMPLANTE DE DOIS STENTS
408030259,"ARTRODESE TORACO-LOMBO-SACRA ANTERIOR, TRES NIVEIS,"
408030275,ARTRODESE TORACO-LOMBO-SACRA POSTERIOR TRÊS NIVEIS
403050057,IMPLANTE INTRATECAL DE BOMBA DE INFUSAO DE FARMACOS
408020130,RECONSTRUÇÃO CAPSULO-LIGAMENTAR DE COTOVELO PUNHO
408020148,RECONSTRUÇÃO DE POLIA TENDINOSA DOS DEDOS DA MÇO
416010172,RESSECCAO ENDOSCOPICA DE TUMOR VESICAL EM ONCOLOGIA
406010927,REVASCULARIZACAO MIOCARDICA C/ USO DE EXTRACORPOREA
406010943,REVASCULARIZACAO MIOCARDICA S/ USO DE EXTRACORPOREA
408060549,TRANSPOSIÇÃO / TRANSFERÊNCIA MIOTENDINOSA ÚNICA
407010270,TRATAMENTO CIRURGICO DE ACALASIA (CARDIOMIOPLASTIA)
408050551,TRATAMENTO CIRÚRGICO DE FRATURA DO PLANALTO TIBIAL
408050632,TRATAMENTO CIRÚRGICO DE FRATURA TRANSTROCANTERIANA
303070064,TRATAMENTO DE DOENCAS DO ESOFAGO ESTOMAGO E DUODENO
303150068,TRATAMENTO DE OUTROS TRANSTORNOS DO RIM E DO URETER
408030704,VERTEBROPLASTIA POR DISPOSITIVO GUIADO EM UM NÍVEL
408020024,AMPUTAÇÃO / DESARTICULAÇÃO DE MEMBROS SUPERIORES
408010029,ARTRODESE DE GRANDES ARTICULAÇåES ESCAPULO-UMERAIS
408030283,ARTRODESE TORACO-LOMBO-SACRA POSTERIOR CINCO NÍVEIS
408030321,"ARTRODESE TORACO-LOMBO-SACRA POSTERIOR, SETE NIVEIS,"
416040020,COLEDOCOSTOMIA C/ OU S/ COLECISTECTOMIA EM ONCOLOGIA
406010269,CORRECAO DE DUPLA VIA DE SAIDA DO VENTRICULO DIREITO
408060115,ENCURTAMENTO DE OSSOS LONGOS EXCETO DA MÇO E DO PÉ
407020217,ESFINCTEROTOMIA INTERNA E TRATAMENTO DE FISSURA ANAL
407020233,EXCISAO DE LESAO INTESTINAL / MESENTERICA LOCALIZADA
406010641,IMPLANTE DE MARCAPASSO DE CAMARA DUPLA EPIMIOCARDICO
406010668,IMPLANTE DE MARCAPASSO DE CAMARA UNICA EPIMIOCARDICO
416080111,RECONSTRUCAO C/ RETALHO OSTEOMIOCUTANEO EM ONCOLOGIA
408020199,REDUÇÃO INCRUENTA DE FRATURA DA DIÁFISE DO ÚMERO
408030500,RESSECÇÃO DE 2 OU MAIS CORPOS VERTEBRAIS CERVICAIS
408030569,RESSECÇÃO DE UM CORPO VERTEBRAL TORACO-LOMBO-SACRO
406020400,RETIRADA DE PROTESE INFECTADA EM POSICAO NAO AORTICA
408060425,REVISÇO CIRÚRGICA DE COTO DE AMPUTAÇÃO DOS DEDOS
404010385,TRATAMENTO CIRURGICO DE ESTENOSE DO CONDUTO AUDITIVO
403010250,TRATAMENTO CIRURGICO DE FISTULA LIQUORICA RAQUIDIANA
408010177,TRATAMENTO CIRURGICO DE FRATURA DO CORPO DE ESCAPULA
408020466,TRATAMENTO CIRÚRGICO DE FRATURAS DOS OSSOS DO CARPO
404010504,TRATAMENTO CIRÚRGICO DE PERFURAÇÃO DO SEPTO NASAL
303090197,TRATAMENTO CONSERVADOR DE FRATURA DOS ANEIS PELVICOS
303150017,TRATAMENTO DE DOENCAS DOS ORGAOS GENITAIS MASCULINOS
406011117,TROCA DE GERADOR DE CARDIO-DESFIBRILADOR MULTI-SITIO
406040125,ANGIOPLASTIA INTRALUMINAL DE VASOS VISCERAIS / RENAIS
408030291,"ARTRODESE TORACO-LOMBO-SACRA POSTERIOR, DOIS NÍVEIS,"
408030313,"ARTRODESE TORACO-LOMBO-SACRA POSTERIOR, SEIS NÍVEIS,"
408040076,ARTROPLASTIA DE REVISÇO OU RECONSTRUÇÃO DO QUADRIL
408050055,ARTROPLASTIA TOTAL DE JOELHO - REVISAO / RECONSTRUCAO
406011320,BANDAGEM DA ARTERIA PULMONAR (CRIANÇA E ADOLESCENTE)
404020038,CORRECAO CIRURGICA DE FISTULA ORO-NASAL / ORO-SINUSAL
404020046,CORREÇÃO CIRÚRGICA DE FÍSTULA SALIVAR COM RETALHO
408020121,REALINHAMENTO DE MECANISMO EXTENSOR DOS DEDOS DA MÇO
408050136,RECONSTRUCAO DE TENDAO PATELAR / TENDAO QUADRICIPITAL
404020607,REDUÇÃO DE FRATURA DA MANDÍBULA SEM OSTEOSSINTESE.
416040276,RESSECCAO ALARGADA DE TUMOR DE INTESTINO EM ONCOLOGIA
409010375,RESSECCAO ENDOSCOPICA DA EXTREMIDADE DISTAL DO URETER
408060310,RESSECÇÃO SIMPLES DE TUMOR ÓSSEO / DE PARTES MOLES
408050390,TRANSFERENCIA MUSCULAR / TENDINOSA NO MEMBRO INFERIOR
407010289,TRATAMENTO CIRURGICO DE DIVERTICULO DO TUBO DIGESTIVO
409040207,TRATAMENTO CIRURGICO DE ELEFANTIASE DA BOLSA ESCROTAL
413040186,TRATAMENTO CIRURGICO DE RETRACAO CICATRICIAL DA AXILA
408020393,TRATAMENTO CIRÚGICO DE FRATURA DA DIÁFISE DO ÚMERO
303140135,TRATAMENTO DE OUTRAS DOENCAS DO APARELHO RESPIRATORIO
406011311,ANASTOMOSE SISTEMICO-PULMONAR (CRIANÇA E ADOLESCENTE)
404010040,ANTROTOMIA DA MASTOIDE (DRENAGEM DE OTITE NO LACTENTE)
408060077,ARTROPLASTIA DE RESSECÇÃO DE PEQUENAS ARTICULAÇåES
412050137,CIRURGIA REDUTORA DO VOLUME PULMONAR (QUALQUER METODO)
405020015,CORRECAO CIRURGICA DE ESTRABISMO (ACIMA DE 2 MUSCULOS)
406010250,CORRECAO DE DRENAGEM ANOMALA TOTAL DE VEIAS PULMONARES
413040020,CORREÇÃO DE RETRAÇÃO CICATRICIAL VÁRIOS ESTÁGIOS
404020089,EXCISÇO DE RÂNULA OU FENâMENO DE RETENÇÃO SALIVAR
416020259,LINFADENECTOMIA INGUINO-ILIACA UNILATERAL EM ONCOLOGIA
403040051,MICROCIRURGIA PARA MALFORMACAO ARTERIO-VENOSA CEREBRAL
404030068,OSTEOPLASTIA DO MENTO COM OU SEM IMPLANTE ALOPLÁSTICO
416010199,REIMPLANTE URETERAL EM ONCOLOGIA - URETEROENTEROSTOMIA
409010367,RESSECCAO DO COLO VESICAL / TUMOR VESICAL A CEU ABERTO
406010919,RETIRADA DE SISTEMA DE ESTIMULACAO CARDIACA ARTIFICIAL
412040123,TORACECTOMIA COM RECONSTRUÇÃO PARIETAL (POR PROTESE)
408060530,TRANSPOSIÇÃO / TRANSFERÊNCIA MIOTENDINOSA MÚLTIPLA
408040327,TRATAMENTO CIRURGICO DE LUXACAO COXO-FEMORAL CONGENITA
412040182,TRATAMENTO CIRÚRGICO DE DEFEITOS CONGÊNITOS DO TORAX
408050500,TRATAMENTO CIRÚRGICO DE FRATURA DA DIÁFISE DA TÍBIA
408050519,TRATAMENTO CIRÚRGICO DE FRATURA DA DIÁFISE DO FÊMUR
404020380,TRATAMENTO CIRÚRGICO DE OSTEOMIELITE DE OSSOS DA FACE
416040187,TRATAMENTO DE CARCINOMA HEPÁTICO POR RADIOFREQUÊNCIA
303060158,TRATAMENTO DE ENDOCARDITE INFECCIOSA EM PROTESE VALVAR
303060166,TRATAMENTO DE ENDOCARDITE INFECCIOSA EM VALVULA NATIVA
303070129,TRATAMENTO DE TRANSTORNOS DAS VIAS BILIARES E PANCREAS
303060301,TRATAMENTO DE VARIZES DOS MEMBROS INFERIORES C/ ULCERA
403080100,TROCA DE GERADOR DE PULSOS PARA ESTIMULAÇÃO CEREBRAL
408030305,"ARTRODESE TORACO-LOMBO-SACRA POSTERIOR, QUATRO NÍVEIS,"
409060046,CURETAGEM SEMIOTICA C/ OU S/ DILATACAO DO COLO DO UTERO
416040047,ESOFAGOCOLOPLASTIA OU ESOFAGOGASTROPLASTIA EM ONCOLOGIA
401020045,"EXCISAO E ENXERTO DE PELE (HEMANGIOMA, NEVUS OU TUMOR )"
416080030,EXCISAO E SUTURA COM PLASTICA EM Z NA PELE EM ONCOLOGIA
402010019,EXTIRPACAO DE BOCIO INTRATORACICO POR VIA TRANSESTERNAL
403030064,HIPOFISECTOMIA TRANSESFENOIDAL POR TECNICA COMPLEMENTAR
406010633,IMPLANTE DE MARCAPASSO CARDIACO MULTI-SITIO TRANSVENOSO
416020208,LINFADENECTOMIA SUPRACLAVICULAR UNILATERAL EM ONCOLOGIA
403030099,MICROCIRURGIA DE TUMOR MEDULAR COM TECNICA COMPLEMENTAR
403030110,MICROCIRURGIA PARA BIOPSIA DE MEDULA ESPINHAL OU RAIZES
408050250,REDUCAO INCRUENTA DE FRATURA OU LESAO FISARIA DO JOELHO
408040181,REDUÇÃO INCRUENTA DE LUXAÇÃO CONGÊNITA COXOFEMORAL
406010870,REPOSICIONAMENTO DE ELETRODOS DE MARCAPASSO MULTI-SITIO
416030351,RESSECCAO DE LESAO MALIGNA DE MUCOSA BUCAL EM ONCOLOGIA
408060271,RESSECÇÃO DE TUMOR ÓSSEO E RECONSTRUÇÃO C/ ENXERTO
408040220,REVISÇO CIRÚRGICA DE LUXAÇÃO COXOFEMORAL CONGÊNITA
409070262,TRATAMENTO CIRURGICO DE HIPERTROFIA DOS PEQUENOS LABIOS
407020454,TRATAMENTO CIRURGICO DE IMPERFURACAO MEMBRANOSA DO ANUS
303050136,TRATAMENTO CLÍNICO DE INTERCORRÊNCIAS OFTALMOLÓGICAS
303180048,TRATAMENTO DE AFECÇåES DO SISTEMA NERVOSO EM HIV/AIDS
303140127,TRATAMENTO DE OUTRAS DOENCAS DAS VIAS AEREAS SUPERIORES
406011168,TROCA DE GERADOR E DE ELETRODOS DE CARDIO-DESFIBRILADOR
201010160,BIOPSIA DE ENDOMETRIO POR ASPIRACAO MANUAL INTRA-UTERINA
416010024,CISTECTOMIA TOTAL E DERIVACAO EM 1 SO TEMPO EM ONCOLOGIA
409010065,CISTOLITOTOMIA E/OU RETIRADA DE CORPO ESTRANHO DA BEXIGA
406011338,CORRECAO DE COARCTACAO DA AORTA (CRIANÇA E ADOLESCENTE)
416020151,LINFADENECTOMIA RADICAL CERVICAL UNILATERAL EM ONCOLOGIA
409040150,ORQUIECTOMIA UNI OU BILATERAL C/ ESVAZIAMENTO GANGLIONAR
408050268,REDUCAO INCRUENTA DE LUXACAO / FRATURA-LUXACAO DO JOELHO
408020172,REDUÇÃO INCRUENTA DE FRATURA / LESÇO FISARIA NO PUNHO
416010180,REIMPLANTE URETERAL EM ONCOLOGIA - URETEROCISTONEOSTOMIA
412010119,TRAQUEORRAFIA E/OU FECHAMENTO DE FISTULA TRAQUEO-CUTANEA
411010085,TRATAMENTO CIRURGICO DE INVERSAO UTERINA AGUDA POS PARTO
413040194,TRATAMENTO CIRURGICO DE RETRACAO CICATRICIAL DO COTOVELO
404020356,TRATAMENTO CIRÚRGICO DE FÍSTULA E CISTOS ORO-MAXILARES
408050772,TRATAMENTO CIRÚRGICO DE PÉ TORTO CONGÊNITO INVETERADO
303160020,TRATAMENTO DE INFECCOES ESPECIFICAS DO PERIODO PERINATAL
303060204,TRATAMENTO DE INSUFICIENCIA ARTERIAL C/ ISQUEMIA CRITICA
303040246,TRATAMENTO DE INTERCORRENCIAS DE DOENCAS NEUROMUSCULARES
303040270,TRATAMENTO DE POLIRRADICULONEURITE DESMIELINIZANTE AGUDA
303030062,TRATAMENTO DE TRANSTORNOS DE OUTRAS GLANDULAS ENDOCRINAS
303040017,AJUSTE MEDICAMENTOSO DE SITUACOES NEUROLOGICAS AGUDIZADAS
408030020,ARTRODESE CERVICAL / CERVICO-TORÁCICA POSTERIOR UM NIVEL
201010402,BIOPSIA DE PLEURA (POR ASPIRAÇÃO/AGULHA / PLEUROSCOPIA)
403010063,CRANIOTOMIA PARA RETIRADA DE CORPO ESTRANHO INTRACRANIANO
408030445,DISCECTOMIA CERVICAL POR VIA ANTERIOR (2 OU MAIS NÍVEIS)
403020026,ENXERTO MICROCIRURGICO DE NERVO PERIFERICO (ÚNICO NERVO)
407040170,LAPAROTOMIA VIDEOLAPAROSCOPICA PARA DRENAGEM E/OU BIOPSIA
404020577,REDUÇÃO DE FRATURA ALVEOLO-DENTÁRIA SEM OSTEOSSÍNTESE
410010120,SETORECTOMIA / QUADRANTECTOMIA C/ ESVAZIAMENTO GANGLIONAR
406020485,TRATAMENTO CIRURGICO DE ANEURISMAS DAS ARTERIAS VISCERAIS
403010209,TRATAMENTO CIRURGICO DE CRANIOSSINOSTOSE COM SUTURA UNICA
403010268,TRATAMENTO CIRURGICO DE FRATURA DO CRANIO COM AFUNDAMENTO
405050399,TRATAMENTO CIRÚRGICO DE DEISCÊNCIA DE SUTURA DE CÓRNEA
408050578,TRATAMENTO CIRÚRGICO DE FRATURA DO TORNOZELO UNIMALEOLAR
414010256,TRATAMENTO CIRÚRGICO DE FÍSTULA ORO-SINUSAL / ORO-NASAL
408060700,TRATAMENTO CIRÚRGICO DE SINDACTILIA SIMPLES (DOIS DEDOS)
412030080,TRATAMENTO DE COAGULO RETIDO INTRATORACICO (QUALQUER VIA)
303140100,TRATAMENTO DE INFECCOES AGUDAS DAS VIAS AEREAS SUPERIORES
303110074,TRATAMENTO DE MALFORMACOES CONGENITAS DOS ORGAOS GENITAIS
406011192,TROCA DE GERADOR E DE ELETRODOS NO MARCAPASSO MULTI-SITIO
406030073,ANGIOPLASTIA EM ENXERTO CORONARIANO (C/ IMPLANTE DE STENT)
201010267,BIOPSIA DE LESAO DE PARTES MOLES (POR AGULHA / CEU ABERTO)
301060088,DIAGNOSTICO E/OU ATENDIMENTO DE URGENCIA EM CLINICA MEDICA
408030461,DISCECTOMIA TORACO-LOMBO-SACRA POR VIA ANTERIOR (1 NÍVEL)
404010121,"EXERESE DE TUMOR DE VIAS AEREAS SUPERIORES, FACE E PESCOCO"
405050119,FACOEMULSIFICACAO C/ IMPLANTE DE LENTE INTRA-OCULAR RIGIDA
407020292,HERNIORRAFIA C/ RESSECCAO INTESTINAL (HERNIA ESTRANGULADA)
304080020,INTERNAÇÃO P/ QUIMIOTERAPIA DE ADMINISTRAÇÃO CONTÍNUA
416120024,MASTECTOMIA RADICAL C/ LINFADENECTOMIA AXILAR EM ONCOLOGIA
404020720,OSTEOSSÍNTESE DE FRATURA BILATERAL DO CâNDILO MANDIBULAR
406011494,RESSECCAO DE MEMBRANA SUB-AORTICA (CRIANÇA E ADOLESCENTE)
408060255,RESSECÇÃO DE TUMOR E RECONSTRUÇÃO C/ TRANSPORTE ÓSSEO
412010143,TRATAMENTO CIRURGICO DE FISTULA TRAQUEOESOFAGICA ADQUIRIDA
408010231,TRATAMENTO CIRÚRGICO DA SÍNDROME DO IMPACTO SUB-ACROMIAL
408050853,TRATAMENTO CIRÚRGICO DE PSEUDARTROSE CONGÊNITA DA TÍBIA
303040122,TRATAMENTO CONSERVADOR DE TUMOR DO SISTEMA NERVOSO CENTRAL
303140020,TRATAMENTO DA FIBROSE CISTICA COM MANIFESTACOES PULMONARES
303140046,TRATAMENTO DAS DOENCAS CRONICAS DAS VIAS AEREAS INFERIORES
303180030,TRATAMENTO DE AFECÇåES DO APARELHO DIGESTIVO EM HIV/AIDS
303140070,TRATAMENTO DE DOENCA DO OUVIDO EXTERNO MEDIO E DA MASTOIDE
303060115,TRATAMENTO DE DOENCA REUMATICA C/ COMPROMETIMENTO CARDIACO
303110066,TRATAMENTO DE MALFORMACOES CONGENITAS DO APARELHO URINARIO
416060099,VULVECTOMIA TOTAL AMPLIADA C/ LINFADENECTOMIA EM ONCOLOGIA
406010137,CORRECAO DE ANEURISMA / DISSECCAO DA AORTA TORACO-ABDOMINAL
406010153,CORRECAO DE ATRESIA PULMONAR E COMUNICACAO INTERVENTRICULAR
406010412,CORRECAO DE PERSISTENCIA DO CANAL ARTERIAL NO RECEM-NASCIDO
413040046,DERMOLIPECTOMIA ABDOMINAL NAO ESTETICA (PLASTICA ABDOMINAL)
407040145,HERNIORRAFIA S/ RESSECCAO INTESTINAL (HERNIA ESTRANGULADA )
416060056,HISTERECTOMIA C/ RESSECCAO DE ORGAOS CONTIGUOS EM ONCOLOGIA
410010197,MASTECTOMIA SIMPLES BILATERAL SOB PROCESSO TRANSEXUALIZADOR
412050145,METASTASECTOMIA PULMONAR UNI OU BILATERAL (QUALQUER METODO)
404020534,OSTEOSSÍNTESE DE FRATURA DO COMPLEXO NASO-ÓRBITO-ETMOIDAL
404020496,OSTEOSSÍNTESE DE FRATURA UNILATERAL DO CâNDILO MANDIBULAR
408020156,REDUÇÃO INCRUENTA DE FRATURA / LESÇO FISARIA DE COTOVELO
406010854,REPOSICIONAMENTO DE ELETRODOS DE CARDIOVERSOR DESFIBRILADOR
407020420,TRATAMENTO CIRURGICO DE ANOMALIAS CONGENITAS DO ANUS E RETO
408020580,TRATAMENTO CIRÚRGICO DE PSEUDARTROSE AO NÍVEL DO COTOVELO
303140054,TRATAMENTO DAS DOENCAS PULMONARES DEVIDO A AGENTES EXTERNOS
303010142,TRATAMENTO DE INFECÇåES VIRAIS DO SISTEMA NERVOSO CENTRAL
408060069,ARTROPLASTIA DE RESSECÇÃO DE MÉDIA / GRANDE ARTICULAÇÃO
404020135,EXPLORAÇÃO/ DESCOMPRESSÇO TOTAL / PARCIAL DO NERVO FACIAL
405050372,FACOEMULSIFICACAO C/ IMPLANTE DE LENTE INTRA-OCULAR DOBRAVEL
304090026,IODOTERAPIA DE CARCINOMA DIFERENCIADO DA TIREÓIDE (100 MCI)
304090018,IODOTERAPIA DE CARCINOMA DIFERENCIADO DA TIREÓIDE (150 MCI)
304090034,IODOTERAPIA DE CARCINOMA DIFERENCIADO DA TIREÓIDE (200 MCI)
304090042,IODOTERAPIA DE CARCINOMA DIFERENCIADO DA TIREÓIDE (250 MCI)
416060129,LAPAROTOMIA PARA AVALIAÇÃO DE TUMOR DE OVARIO EM ONCOLOGIA
412020017,MEDIASTINOTOMIA EXPLORADORA PARA-ESTERNAL / POR VIA ANTERIOR
403020034,MICROCIRURGIA DE PLEXO BRAQUIAL COM EXPLORAÇÃO E NEUROLISE
416080090,RECONSTRUCAO POR MICROCIRURGIA (QUALQUER PARTE) EM ONCOLOGIA
404020542,REDUÇÃO CIRÚRGICA DE FRATURA DOS OSSOS PRÓPRIOS DO NARIZ
416040241,RESSECCAO AMPLIADA DE VIA BILIAR EXTRA-HEPATICA EM ONCOLOGIA
408060263,RESSECÇÃO DE TUMOR ÓSSEO C/ SUBSTITUIÇÃO (ENDOPRÓTESE)
404020291,RESSECÇÃO DO CâNDILO MANDIBULAR COM OU SEM RECONSTRUÇÃO
407020438,TRATAMENTO CIRURGICO DE AUSENCIA DO RETO (ABDOMINO-PERINEAL)
409010499,TRATAMENTO CIRURGICO DE INCONTINENCIA URINARIA VIA ABDOMINAL
414010329,TRATAMENTO CIRÚRGICO DE CISTO DO COMPLEXO MAXILO-MANDIBULAR
303040106,TRATAMENTO CONSERVADOR DE TRAUMATISMO CRANIOENCEFALICO GRAVE
303160012,TRATAMENTO DE ENTERITE NECROSANTE DO FETO E DO RECEM-NASCIDO
303080094,TRATAMENTO DE OUTRAS AFECCOES DA PELE E DO TECIDO SUBCUTANEO
303110090,TRATAMENTO DE OUTRAS ANOMALIAS CONGENITAS DO SISTEMA NERVOSO
406011150,TROCA DE GERADOR E DE ELETRODO DE MARCAPASSO DE CAMARA UNICA
406011273,ABERTURA DE ESTENOSE PULMONAR VALVAR (CRIANÇA E ADOLESCENTE)
416090010,AMPUTACAO / DESARTICULACAO DE MEMBROS INFERIORES EM ONCOLOGIA
416090028,AMPUTACAO / DESARTICULACAO DE MEMBROS SUPERIORES EM ONCOLOGIA
416060013,AMPUTACAO CONICA DE COLO DE UTERO C/ COLPECTOMIA EM ONCOLOGIA
408030011,ARTRODESE CERVICAL / CERVICO TORÁCICA POSTERIOR CINCO NIVEIS
408030038,ARTRODESE CERVICAL / CERVICO-TORÁCICA POSTERIOR DOIS NÍVEIS
408030046,ARTRODESE CERVICAL / CERVICO-TORÁCICA POSTERIOR SEIS NÍVEIS
408030054,ARTRODESE CERVICAL / CERVICO-TORÁCICA POSTERIOR TRES NÍVEIS
408030089,ARTRODESE CERVICAL ANTERIOR C1-C2 VIA TRANS-ORAL / EXTRA-ORAL
408050039,ARTRODESE DE MEDIAS / GRANDES ARTICULACOES DE MEMBRO INFERIOR
409060020,COLPOPERINEOPLASTIA ANTERIOR E POSTERIOR C/ AMPUTACAO DE COLO
406010480,CORRECAO DO CANAL ATRIO-VENTRICULAR (PARCIAL / INTERMEDIARIO)
403010101,DERIVACAO VENTRICULAR PARA PERITONEO / ATRIO / PLEURA / RAQUE
301060070,DIAGNOSTICO E/OU ATENDIMENTO DE URGENCIA EM CLINICA CIRURGICA
403070082,EMBOLIZAÇÃO DE FISTULA ARTERIO-VENOSA DA CABEÇA E PESCOÇO
403020018,ENXERTO MICROCIRURGICO DE NERVO PERIFERICO (2 OU MAIS NERVOS)
406040230,FIBRINOLISE INTRAVASCULAR POR CATETER (INCLUI FIBRINOLÍTICO)
416020186,LINFADENECTOMIA CERVICAL RECORRENCIAL UNILATERAL EM ONCOLOGIA
408060298,RESSECÇÃO DE TUMOR ÓSSEO E RECONSTRUÇÃO POR DESLIZAMENTO
303180056,TRATAMENTO DE AFECÇåES DO SISTEMA RESPIRATÓRIO EM HIV/AIDS
308010027,TRATAMENTO DE EFEITOS DE ASFIXIA / OUTROS RISCOS A RESPIRACAO
303070137,TRATAMENTO DE INTERCORRENCIA CLINICA PÓS-CIRURGIA BARIATRICA
303010193,TRATAMENTO DE OUTRAS DOENÇAS CAUSADAS POR VÍRUS (B25 A B34)
406011001,TROCA DE CONJUNTO DO SEIO CORONARIO NO MARCAPASSO MULTI-SITIO
406011184,TROCA DE GERADOR E DE ELETRODOS DE MARCAPASSO DE CAMARA DUPLA
406011303,ANASTOMOSE CAVO-PULMONAR BIDIRECIONAL (CRIANÇA E ADOLESCENTE)
406011508,ANASTOMOSE SISTEMICO PULMONAR COM CEC (CRIANÇA E ADOLESCENTE)
408030364,DESCOMPRESSÇO OSSEA NA JUNÇÃO CRANIO-CERVICAL VIA POSTERIOR
301060010,DIAGNOSTICO E/OU ATENDIMENTO DE URGENCIA EM CLINICA PEDIATRICA
403070139,EMBOLIZAÇÃO DE TUMOR INTRA-CRANIANO OU DA CABEÇA E PESCOÇO
406011451,FECHAMENTO DE COMUNICACAO INTERATRIAL (CRIANÇA E ADOLESCENTE)
408050209,REDUCAO INCRUENTA DE FRATURA / LESAO FISARIA DOS METATARSIANOS
404020585,REDUÇÃO DE FRATURA DA MAXILA - LE FORT I SEM OSTEOSSÍNTESE.
408020245,REDUÇÃO INCRUENTA DE LUXAÇÃO OU FRATURA / LUXACAO NO PUNHO
416030157,RESSECCAO PARCIAL DE LABIO COM ENXERTO OU RETALHO EM ONCOLOGIA
408030518,RESSECÇÃO DE 2 OU MAIS CORPOS VERTEBRAIS TORACO-LOMBO-SACROS
408030577,RETIRADA DE CORPO ESTRANHO DA COLUNA CERVICAL POR VIA ANTERIOR
409070270,TRATAMENTO CIRURGICO DE INCONTINENCIA URINARIA POR VIA VAGINAL
414010272,TRATAMENTO CIRÚRGICO DE FÍSTULA CUTÂNEA DE ORIGEM DENTÁRIA
413040216,TRATAMENTO CIRÚRGICO DE RETRAÇÃO CICATRICIAL EM UM ESTÁGIO
303110040,TRATAMENTO DE MALFORMACOES CONGENITAS DO APARELHO CIRCULATORIO
303130083,TRATAMENTO DE PACIENTES SOB CUIDADOS PROLONGADOS EM HANSENIASE
407010335,TRATAMETO CIRURGICO DE MEGAESOFAGO SEM RESSECCAO / CONSERVADOR
406040052,ANGIOPLASTIA INTRALUMINAL DE VASOS DAS EXTREMIDADES (SEM STENT)
408030917,ARTRODESE CERVICAL / CERVICO TORÁCICA POSTERIOR QUATRO NÍVEIS
403030021,CRANIOTOMIA PARA BIOPSIA ENCEFALICA (COM TÉCNICA COMPLEMENTAR)
404020593,"REDUÇÃO DE FRATURA DA MAXILA - LE FORT II, SEM OSTEOSSÍNTESE"
408030585,RETIRADA DE CORPO ESTRANHO DA COLUNA CERVICAL POR VIA POSTERIOR
404030165,RINOPLASTIA EM PACIENTE COM ANOMALIA CRÂNIO E BUCOMAXILOFACIAL
308020022,TRATAMENTO DE EFEITOS DO CONTATO C/ ANIMAIS E PLANTAS VENENOSOS
408020032,ARTRODESE DE MÉDIAS / GRANDES ARTICULAÇåES DE MEMBRO SUPERIOR
408040092,ARTROPLASTIA TOTAL PRIMARIA DO QUADRIL NÇO CIMENTADA / HÍBRIDA
201010259,BIOPSIA DE LAMINA PEDICULO E PROCESSOS VERTEBRAIS (A CEU ABERTO)
406011516,CORRECAO DE COARCTACAO DA AORTA COM CEC (CRIANÇA E ADOLESCENTE)
407030158,HEPATORRAFIA COMPLEXA C/ LESAO DE ESTRUTURAS VASCULARES BILIARES
403040078,MICROCIRURGIA VASCULAR INTRACRANIANA (COM TÉCNICA COMPLEMENTAR)
404020526,OSTEOSSINTESE DE FRATURA DO COMPLEXO ÓRBITO-ZIGOMÁTICO-MAXILAR
415020042,PROCEDIMENTOS SEQUENCIAIS EM ANOMALIA CRÂNIO E BUCOMAXILOFACIAL
416080081,RECONSTRUCAO C/ RETALHO MIOCUTANEO (QUALQUER PARTE) EM ONCOLOGIA
408020229,REDUÇÃO INCRUENTA DE LUXAÇÃO / FRATURA-LUXAÇÃO DO COTOVELO
408060239,RESSECÇÃO DE TUMOR E RECONSTRUÇÃO C/ RETALHO MICROCIRÚRGICO
404010318,RETIRADA DE CORPO ESTRANHO DE OUVIDO / FARINGE / LARINGE / NARIZ
416120059,SEGMENTECTOMIA/QUADRANTECTOMIA/SETORECTOMIA DE MAMA EM ONCOLOGIA
408050438,TRATAMENTO CIRURGICO DE AVULSAO DO GRANDE E DO PEQUENO TROCANTER
408050470,TRATAMENTO CIRURGICO DE FRATURA / LESAO FISARIA DOS PODODACTILOS
406020540,TRATAMENTO CIRURGICO DE LESOES VASCULARES TRAUMATICAS DO ABDOMEN
413040240,TRATAMENTO CIRURGICO P/ REPARACOES DE PERDA DE SUBSTANCIA DA MAO
408060573,TRATAMENTO CIRÚRGICO DE DEDO EM MARTELO / EM GARRA (MÇO E PÉ)
408050527,TRATAMENTO CIRÚRGICO DE FRATURA DA PATELA POR FIXAÇÃO INTERNA
404010490,TRATAMENTO CIRÚRGICO DE IMPERFURAÇÃO COANAL (UNI / BILATERAL)
408060697,TRATAMENTO CIRÚRGICO DE SINDACTILIA COMPLEXA (C/ FUSÇO ÓSSEA)
304100013,TRATAMENTO DE INTERCORRÊNCIAS CLÍNICAS DE PACIENTE ONCOLÓGICO
303140143,TRATAMENTO DE OUTRAS INFECCOES AGUDAS DAS VIAS AEREAS INFERIORES
303160039,TRATAMENTO DE OUTROS TRANSTORNOS ORIGINADOS NO PERIODO PERINATAL
308010043,TRATAMENTO DE TRAUMATISMOS ENVOLVENDO MULTIPLAS REGIOES DO CORPO
403020131,TRATAMENTO MICROCIRURGICO DE TUMOR DE NERVO PERIFERICO / NEUROMA
406011109,TROCA DE GERADOR DE CARDIO-DESFIBRILADOR DE CAMARA UNICA / DUPLA
405030169,VITRECTOMIA POSTERIOR COM INFUSÇO DE PERFLUOCARBONO E ENDOLASER
408030135,ARTRODESE INTERSOMATICA VIA POSTERIOR / POSTERO-LATERAL UM NÍVEL
416020178,LINFADENECTOMIA CERVICAL SUPRAOMO-HIOIDEA UNILATERAL EM ONCOLOGIA
403040060,MICROCIRURGIA PARA MALFORMAÇÃO ARTERIO-VENOSA CEREBRAL PROFUNDA
403030153,MICROCIRURGIA PARA TUMOR INTRACRANIANO (COM TECNICA COMPLEMENTAR)
408020202,REDUÇÃO INCRUENTA DE FRATURA DIAFISARIA DOS OSSOS DO ANTEBRAÇO
408050462,TRATAMENTO CIRURGICO DE FRATURA / LESAO FISARIA DOS METATARSIANOS
412040190,"TRATAMENTO CIRURGICO DE FRATURA, NECROSE OU INFECÇÃO DO ESTERNO"
403010330,TRATAMENTO CIRURGICO DE PLATIBASIA E MALFORMACAO DE ARNOLD CHIARI
408050608,TRATAMENTO CIRÚRGICO DE FRATURA LESÇO FISÁRIA DISTAL DE TÍBIA
303150033,TRATAMENTO DE DOENCAS INFLAMATORIAS DOS ORGAOS PELVICOS FEMININOS
303010070,TRATAMENTO DE FEBRES POR ARBOVÍRUS E FEBRES HEMORRÁGICAS VIRAIS
407010378,TRATAMENTO DE INTERCORRENCIAS CIRURGICA POS- CIRURGIA BARIÁTRICA
303010053,TRATAMENTO DE OUTRAS DOENÇAS DEVIDAS A PROTOZOÁRIOS (B55 A B64)
414020413,TRATAMENTO ODONTOLOGICO PARA PACIENTES COM NECESSIDADES ESPECIAIS
406050023,ESTUDO ELETROFISIOLOGICO TERAPEUTICO I (ABLACAO DE FLUTTER ATRIAL)
406010587,IMPLANTE DE CARDIOVERSOR DESFIBRILADOR DE CAMARA DUPLA TRANSVENOSO
406010560,IMPLANTE DE CARDIOVERSOR DESFIBRILADOR DE CAMARA UNICA TRANSVENOSO
404020208,LABIOPLASTIA PARA REDUÇÃO OU CORREÇÃO DA HIPERTROFIA DO LÁBIO
404010458,LARINGOFISSURA PARA COLOCACAO DE MOLDE NOS TRAUMATISMOS DE LARINGE
416020240,LINFADENECTOMIA SELETIVA GUIADA (LINFONODO SENTINELA) EM ONCOLOGIA
407040242,RESSUTURA DE PAREDE ABDOMINAL (POR DEISCENCIA TOTAL / EVISCERACAO)
408050357,SINDACTILIA CIRURGICA DOS DEDOS DO PE (PROCEDIMENTO TIPO KELIKIAN)
408020490,TRATAMENTO CIRÚRGICO DE LESÇO DA MUSCULATURA INTRÍNSECA DA MÇO
404020399,TRATAMENTO CIRÚRGICO DE PARALISIA FACIAL (SUSPENSÇO DE HEMIFACE)
303040084,TRATAMENTO CONSERVADOR DE TRAUMATISMO CRANIOENCEFALICO (GRAU LEVE)
308040015,TRATAMENTO DE COMPLICACOES DE PROCEDIMENTOS CIRURGICOS OU CLINICOS
303020083,TRATAMENTO DE OUTRAS DOENCAS DO SANGUE E DOS ORGAOS HEMATOPOETICOS
303110112,TRATAMENTO DE OUTRAS MALFORMACOES CONGENITAS DO APARELHO DIGESTIVO
406011176,TROCA DE GERADOR E DE ELETRODOS DE CARDIO-DESFIBRILADOR MULTISITIO
406040109,ANGIOPLASTIA INTRALUMINAL DE VASOS VISCERAIS C/ STENT NAO RECOBERTO
406011427,CORRECAO DE PERSISTENCIA DO CANAL ARTERIAL (CRIANÇA E ADOLESCENTE)
403070058,"EMBOLIZAÇÃO DE ANEURISMA CEREBRAL MAIOR QUE 1,5 CM COM COLO LARGO"
404020119,EXCISÇO PARCIAL DE LÁBIO COM ENXERTO LIVRE / ROTAÇÃO DE RETALHO
406011460,FECHAMENTO DE COMUNICACAO INTERVENTRICULAR (CRIANÇA E ADOLESCENTE)
416060110,HISTERECTOMIA COM OU SEM ANEXECTOMIA (UNI / BILATERAL) EM ONCOLOGIA
303040025,INTERNACAO P/ O TRATAMENTO MEDICAMENTOSO DA OSTEOGENESIS IMPERFECTA
416020160,LINFADENECTOMIA RADICAL MODIFICADA CERVICAL UNILATERAL EM ONCOLOGIA
408050292,REDUCAO INCRUENTA DE LUXACAO OU FRATURA / LUXACAO TARSO-METATARSICA
412050102,"RESSECÇÃO EM CUNHA, TUMORECTOMIA / BIOPSIA DE PULMAO A CEU ABERTO"
409010480,TRATAMENTO CIRURGICO DE HEMORRAGIA VESICAL (FORMOLIZACAO DA BEXIGA)
409040223,TRATAMENTO CIRURGICO DE TORCAO DO TESTICULO / DO CORDAO ESPERMATICO
408020377,TRATAMENTO CIRÚRGICO DE FRATURA / LESÇO FISARIA DOS METACARPIANOS
408020547,TRATAMENTO CIRÚRGICO DE LUXAÇÃO OU FRATURA-LUXAÇÃO DO COTOVELO
303040092,TRATAMENTO CONSERVADOR DE TRAUMATISMO CRANIOENCEFALICO (GRAU MEDIO)
303140062,TRATAMENTO DE CARDIOPATIA PULMONAR NAO ESPECIFICADA (COR PULMONALE)
403050154,TRATAMENTO DE LESAO DO SISTEMA NEUROVEGETATIVO POR AGENTES QUIMICOS
303010185,TRATAMENTO DE OUTRAS DOENÇAS CAUSADAS POR ESPIROQUETAS (A65 A A69)
403010365,TREPANACAO CRANIANA PARA PROPEDEUTICA OU TERAPEUTICA NEUROCIRURGICA
408030143,ARTRODESE INTERSOMATICA VIA POSTERIOR / POSTERO-LATERAL DOIS NÍVEIS
408030160,ARTRODESE INTERSOMATICA VIA POSTERIOR / POSTERO-LATERAL TRES NÍVEIS
403010047,CRANIOTOMIA PARA RETIRADA DE CISTO / ABSCESSO / GRANULOMA ENCEFALICO
403070090,EMBOLIZAÇÃO DE FISTULA CAROTIDO-CAVERNOSA COM BALåES DESTACÁVEIS
406010609,IMPLANTE DE CARDIOVERSOR DESFIBRILADOR (CDI) MULTI-SITIO TRANSVENOSO
408050160,RECONSTRUCAO LIGAMENTAR INTRA-ARTICULAR DO JOELHO (CRUZADO ANTERIOR)
404030130,RINOSEPTOPLASTIA EM PACIENTE COM ANOMALIA CRÂNIO E BUCOMAXILOFACIAL
408050454,TRATAMENTO CIRURGICO DE FRATURA / LESAO FISARIA DE OSSOS DO MEDIO-PE
401020142,TRATAMENTO CIRURGICO DE HIPERCERATOSE PLANTAR (C/ CORRECAO PLASTICA)
408010185,TRATAMENTO CIRURGICO DE LUXACAO / FRATURA-LUXACAO ACROMIO-CLAVICULAR
408010207,TRATAMENTO CIRURGICO DE LUXACAO / FRATURA-LUXACAO ESTERNO-CLAVICULAR
408050594,TRATAMENTO CIRÚRGICO DE FRATURA LESÇO FISÁRIA AO NÍVEL DO JOELHO
408020504,TRATAMENTO CIRÚRGICO DE LESÇO EVOLUTIVA FISARIA NO MEMBRO SUPERIOR
406011079,TROCA DE ELETRODOS DE MARCAPASSO NO CARDIO-DESFIBRILADOR MULTI-SITIO
406010420,CORRECAO DE TETRALOGIA DE FALLOT E VARIANTES (CRIANÇA E ADOLESCENTE)
405010079,EXERESE DE CALAZIO E OUTRAS PEQUENAS LESOES DA PALPEBRA E SUPERCILIOS
408050217,REDUCAO INCRUENTA DE FRATURA / LUXACAO / FRATURA-LUXACAO DO TORNOZELO
412040107,RESSECÇÃO DE TUMOR DO DIAFRAGMA E RECONSTRUÇÃO (QUALQUER TECNICA)
408050675,TRATAMENTO CIRÚRGICO DE LESÇO EVOLUTIVA FISÁRIA NO MEMBRO INFERIOR
303040068,TRATAMENTO CONSERVADOR DA DOR REBELDE DE ORIGEM CENTRAL OU NEOPLASICA
303040238,TRATAMENTO DE FRATURA DA COLUNA VERTEBRAL C/ LESAO DA MEDULA ESPINHAL
408030151,ARTRODESE INTERSOMATICA VIA POSTERIOR / POSTERO-LATERAL QUATRO NÍVEIS
503010014,AÇåES RELACIONADAS A DOAÇÃO DE ÓRGÇOS E TECIDOS PARA TRANSPLANTE
408030453,DISCECTOMIA TORACO-LOMBO-SACRA POR VIA ANTERIOR (C/ 2 OU MAIS NÍVEIS)
403070040,"EMBOLIZAÇÃO DE ANEURISMA CEREBRAL MAIOR QUE 1,5 CM COM COLO ESTREITO"
403070163,"EMBOLIZAÇÃO DE ANEURISMA CEREBRAL MENOR DO QUE 1,5 CM COM COLO LARGO"
403070155,"EMBOLIZAÇÃO DE ANEURISMA CEREBRAL MENOR QUE 1,5 CM COM COLO ESTREITO"
406050074,ESTUDO ELETROFISIOLOGICO TERAPEUTICO II (ABLACAO DE FIBRILACAO ATRIAL)
401020100,EXTIRPACAO E SUPRESSAO DE LESAO DE PELE E DE TECIDO CELULAR SUBCUTANEO
406040222,FECHAMENTO PERCUTANEO DE FISTULAS ARTERIOVENOSAS C/ LIBERACAO DE COILS
408010134,REDUCAO INCRUENTA DE LUXAÇÃO OU FRATURA / LUXAÇÃO ESCÁPULO-UMERAL
408020180,REDUÇÃO INCRUENTA DE FRATURA / LUXAÇÃO DE MONTEGGIA OU DE GALEAZZI
408030810,TRATAMENTO CIRURGICO DE DEFORMIDADE DA COLUNA VIA POSTERIOR DEZ NIVEIS
413040178,TRATAMENTO CIRURGICO DE LESOES EXTENSAS C/ PERDA DE SUBSTANCIA CUTANEA
408020431,TRATAMENTO CIRÚRGICO DE FRATURA DIAFISARIA ÚNICA DO RÁDIO / DA ULNA
404020666,TRATAMENTO CIRÚRGICO DE FRATURA DO OSSO ZIGOMATICO SEM OSTEOSSÍNTESE
408020628,TRATAMENTO CIRÚRGICO DE SINDACTILIA DA MÇO (POR ESPACO INTERDIGITAL)
303090235,TRATAMENTO CONSERVADOR DE LESAO DA COLUNA TORACO-LOMBO-SACRA C/ ORTESE
303110023,TRATAMENTO DE ANOMALIAS CROMOSSOMICAS NAO CLASSIFICADAS EM OUTRA PARTE
303100010,TRATAMENTO DE COMPLICACOES RELACIONADAS PREDOMINANTEMENTE AO PUERPERIO
404020569,ARTROPLASTIA DA ARTICULAÇÃO TÊMPORO-MANDIBULAR (RECIDIVANTE OU NÇO)
408060093,DESCOMPRESSÇO COM ESVAZIAMENTO MEDULAR POR BROCAGEM / VIA CORTICOTOMIA
407020209,ENTEROTOMIA E/OU ENTERORRAFIA C/ SUTURA / RESSECCAO (QUALQUER SEGMENTO)
408060131,EXPLORAÇÃO ARTICULAR C/ OU S/ SINOVECTOMIA DE PEQUENAS ARTICULAÇåES
304010111,INTERNACAO P/ RADIOTERAPIA EXTERNA (COBALTOTERAPIA / ACELERADOR LINEAR)
403060060,MICROCIRURGIA PARA RESSECCAO MULTILOBAR / HEMISFERECTOMIA / CALOSOTOMIA
410010090,PLASTICA MAMARIA RECONSTRUTIVA - POS MASTECTOMIA C/ IMPLANTE DE PROTESE
408030763,TRATAMENTO CIRURGICO DE DEFORMIDADE DA COLUNA VIA POSTERIOR NOVE NIVEIS
408030739,TRATAMENTO CIRURGICO DE DEFORMIDADE DA COLUNA VIA POSTERIOR OITO NIVEIS
408010169,TRATAMENTO CIRURGICO DE FRATURA DO COLO E CAVIDADE GLENOIDE DE ESCAPULA
408010193,TRATAMENTO CIRURGICO DE LUXACAO / FRATURA-LUXACAO ESCAPULO-UMERAL AGUDA
403020115,TRATAMENTO CIRURGICO DE NEUROPATIA COMPRESSIVA COM OU SEM MICROCIRURGIA
404020640,TRATAMENTO CIRÚRGICO DE ANQUILOSE DA ARTICULAÇÃO TÊMPORO-MANDIBULAR
408060565,TRATAMENTO CIRÚRGICO DE ARTRITE INFECCIOSA DAS PEQUENAS ARTICULAÇåES
408020440,TRATAMENTO CIRÚRGICO DE FRATURA LESÇO FISARIA DOS OSSOS DO ANTEBRAÇO
408020520,TRATAMENTO CIRÚRGICO DE LUXAÇÃO / FRATURA-LUXACAO DOS OSSOS DO CARPO
303040297,TRATAMENTO DE PROCESSO TOXI-INFECCIOSO DO CEREBRO OU DA MEDULA ESPINHAL
406011010,TROCA DE ELETRODOS DE DESFIBRILADOR DE CARDIO-DESFIBRILADOR TRANSVENOSO
404030084,ALVEOLOPLASTIA COM ENXERTO ÓSSEO EM PACIENTE COM ANOMALIA CRÂNIOFACIAL
406040028,"ANGIOPLASTIA INTRALUMINAL DE AORTA, VEIA CAVA / VASOS ILIACOS (C/ STENT)"
406040044,"ANGIOPLASTIA INTRALUMINAL DE AORTA, VEIA CAVA / VASOS ILIACOS (S/ STENT)"
406040079,ANGIOPLASTIA INTRALUMINAL DE VASOS DAS EXTREMIDADES (C/ STENT RECOBERTO)
303130016,ATENDIMENTO A PACIENTE SOB CUIDADOS PROLONGADOS DEVIDO A CAUSAS EXTERNAS
406011400,CORRECAO DE INSUFICIENCIA DA VALVULA TRICUSPIDE (CRIANÇA E ADOLESCENTE)
403030030,CRANIOTOMIA PARA RETIRADA DE TUMOR CEREBRAL INCLUSIVO DA FOSSA POSTERIOR
406050058,ESTUDO ELETROFISIOLOGICO TERAPEUTICO I (ABLACAO DO NODULO ARCHOV-TAWARA)
401020053,EXCISAO E SUTURA DE LESAO NA PELE C/ PLASTICA EM Z OU ROTACAO DE RETALHO
304080039,INTERNAÇÃO P/ QUIMIOTERAPIA DE LEUCEMIAS AGUDAS / CRâNICAS AGUDIZADAS
404030033,OSTEOTOMIA DE MAXILA EM PACIENTES COM ANOMALIA CRANIO E BUCOMAXILOFACIAL
408060417,RETRAÇÃO CICATRICIAL DOS DEDOS C/ COMPROMETIMENTO TENDINOSO (POR DEDO)
403010187,REVISAO DE DERIVACAO VENTRICULAR PARA PERITONEO / ATRIO / PLEURA / RAQUE
406020493,TRATAMENTO CIRURGICO DE LESOES VASCULARES TRAUMATICAS DA REGIAO CERVICAL
408030836,TRATAMENTO CIRÚRGICO DE DEFORMIDADE DA COLUNA VIA ANTERIOR DOIS NÍVEIS
408030895,TRATAMENTO CIRÚRGICO DE DEFORMIDADE DA COLUNA VIA POSTERIOR DOIS NIVEIS
408050713,TRATAMENTO CIRÚRGICO DE LUXAÇÃO / FRATURA-LUXAÇÃO TARSO-METATARSICA
404020658,"TRATAMENTO CIRÚRGICO DE OSTEOMA, ODONTOMA /OUTRAS LESåES ESPECIFICADAS"
303040190,TRATAMENTO DE DOENCA DOS NEURONIOS MOTORES CENTRAIS C/ OU S/ AMIOTROFIAS
201010313,BIOPSIA DE OSSO / CARTILAGEM DA CINTURA PELVICA (POR AGULHA / CEU ABERTO)
201010321,BIOPSIA DE OSSO / CARTILAGEM DE MEMBRO INFERIOR (POR AGULHA / CEU ABERTO)
201010330,BIOPSIA DE OSSO / CARTILAGEM DE MEMBRO SUPERIOR (POR AGULHA / CEU ABERTO)
404010652,CIRURGIA PARA PRÓTESE AUDITIVA ANCORADA NO OSSO BILATERAL - TEMPO ÚNICO
408030399,DISCECTOMIA CERVICAL / LOMBAR / LOMBO-SACRA POR VIA POSTERIOR (UM NÍVEL)
406010790,PLASTICA DE LOJA DE GERADOR DE SISTEMA DE ESTIMULACAO CARDIACA ARTIFICIAL
408050233,REDUCAO INCRUENTA DE FRATURA DIAFISARIA / LESAO FISARIA PROXIMAL DO FEMUR
408050284,REDUCAO INCRUENTA DE LUXACAO OU FRATURA / LUXACAO SUBTALAR E INTRATARSICA
408030607,RETIRADA DE CORPO ESTRANHO DA COLUNA TORACO-LOMBO-SACRA POR VIA POSTERIOR
403010160,RETIRADA DE DERIVACAO VENTRICULAR PARA PERITONEO / ATRIO / PLEURA / RAQUE
406020442,REVASCULARIZACAO POR PONTE / TROMBOENDARTERECTOMIA FEMURO-POPLITEA DISTAL
505010070,TRANSPLANTE AUTOGENICO DE CELULAS-TRONCO HEMATOPOETICAS DE MEDULA OSSEA -
403010292,TRATAMENTO CIRURGICO DE HEMATOMA INTRACEREBRAL (COM TECNICA COMPLEMENTAR)
408030828,TRATAMENTO CIRÚRGICO DE DEFORMIDADE DA COLUNA VIA POSTERIOR ONZE NÍVEIS
408030909,TRATAMENTO CIRÚRGICO DE DEFORMIDADE DA COLUNA VIA POSTERIOR SETE NÍVEIS
408020512,TRATAMENTO CIRÚRGICO DE LUXAÇÃO / FRATURA-LUXAÇÃO CARPO-METACARPIANA
308030010,TRATAMENTO DE EFEITOS DA PENETRACAO DE CORPO ESTRANHO EM ORIFICIO NATURAL
308010019,TRATAMENTO DE TRAUMATISMOS DE LOCALIZACAO ESPECIFICADA / NAO ESPECIFICADA
406030057,ANGIOPLASTIA COM IMPLANTE DE DUPLO STENT EM AORTA/ARTERIA PULMONAR E RAMOS
404010628,CIRURGIA PARA PRÓTESE AUDITIVA ANCORADA NO OSSO UNILATERAL - TEMPO ÚNICO
412010046,COLOCACAO DE PROTESE LARINGO TRAQUEAL/ TRAQUEO-BRONQUICA (INCLUI PRÓTESE)
409060070,ESVAZIAMENTO DE UTERO POS-ABORTO POR ASPIRACAO MANUAL INTRA-UTERINA (AMIU)
403060052,MICROCIRURGIA PARA LOBECTOMIA TEMPORAL / AMIGDALO-HIPOCAMPECTOMIA SELETIVA
408020296,REVISÇO CIRÚGICA DE COTO DE AMPUTAÇÃO DO MEMBRO SUPERIOR (EXCETO MÇO)
408040335,TRATAMENTO CIRURGICO DE LUXACAO COXO-FEMORAL TRAUMATICA / POS-ARTROPLASTIA
408030674,TRATAMENTO CIRÚRGICO DE DEFORMIDADE DA COLUNA VIA ANTERIOR QUATRO NÍVEIS
408030879,TRATAMENTO CIRÚRGICO DE DEFORMIDADE DA COLUNA VIA POSTERIOR TRÊS NÍVEIS
408050586,TRATAMENTO CIRÚRGICO DE FRATURA INTERCONDILEANA / DOS CâNDILOS DO FÊMUR
408050683,TRATAMENTO CIRÚRGICO DE LUXAÇÃO / FRATURA-LUXAÇÃO AO NÍVEL DO JOELHO
201010240,"BIOPSIA DE IRIS, CORPO CILIAR, RETINA, COROIDE, VITREO E TUMOR INTRA OCULAR"
201010305,BIOPSIA DE OSSO / CARTILAGEM DA CINTURA ESCAPULAR (POR AGULHA / CEU ABERTO)
406010447,CORRECAO DE TRANSPOSICAO DOS GRANDES VASOS DA BASE (CRIANÇA E ADOLESCENTE)
404030106,PALATOPLASTIA PRIMÁRIA EM PACIENTE COM ANOMALIA CRÂNIO E BUCOMAXILOFACIAL
408010142,REPARO DE ROTURA DO MANGUITO ROTADOR (INCLUI PROCEDIMENTOS DESCOMPRESSIVOS)
416010164,RESSECCAO DE TUMORES MULTIPLOS E SIMULTANEOS DO TRATO URINARIO EM ONCOLOGIA
416030165,RESSECCAO TOTAL DE LABIO E RECONSTRUCAO COM RETALHO MIOCUTANEO EM ONCOLOGIA
408060395,RETIRADA DE PRÓTESE DE SUBSTITUIÇÃO EM PEQUENAS E MÉDIAS ARTICULAÇåES
406010935,REVASCULARIZACAO MIOCARDICA C/ USO DE EXTRACORPOREA (C/ 2 OU MAIS ENXERTOS)
406010951,REVASCULARIZACAO MIOCARDICA S/ USO DE EXTRACORPOREA (C/ 2 OU MAIS ENXERTOS)
406020450,REVASCULARIZACAO POR PONTE / TROMBOENDARTERECTOMIA FEMURO-POPLITEA PROXIMAL
408030887,TRATAMENTO CIRÚRGICO DE DEFORMIDADE DA COLUNA VIA POSTERIOR QUATRO NÍVEIS
408020385,TRATAMENTO CIRÚRGICO DE FRATURA / LESÇO FISARIA SUPRACONDILIANA DO ÚMERO
408020539,TRATAMENTO CIRÚRGICO DE LUXAÇÃO / FRATURA-LUXAÇÃO METACARPO-FALANGIANA
404030319,TRATAMENTO CIRÚRGICO DE MACROSTOMIA /MICROSTOMIA POR ANOMALIA CRANIOFACIAL
303140038,TRATAMENTO DAS AFECCOES NECROTICAS E SUPURATIVAS DAS VIAS AEREAS INFERIORES
303020067,TRATAMENTO DE DEFEITOS DA COAGULACAO PURPURA E OUTRAS AFECCOES HEMORRAGICAS
303140089,TRATAMENTO DE DOENCAS RESPIRATORIAS QUE AFETAM PRINCIPALMENTE O INTERSTICIO
408060034,ALONGAMENTO E/OU TRANSPORTE ÓSSEO DE OSSOS LONGOS (EXCETO DA MÇO E DO PÉ)
406040060,ANGIOPLASTIA INTRALUMINAL DE VASOS DAS EXTREMIDADES (C/ STENT NAO RECOBERTO)
408030402,DISCECTOMIA CERVICAL / LOMBAR / LOMBO-SACRA POR VIA POSTERIOR (DOIS NÍVEIS)
406050139,ESTUDO ELETROFISIOLOGICO TERAPEUTICO II (ABLACAO DE VIAS ANOMALAS ESQUERDAS)
403080029,IMPLANTE DE GERADOR DE PULSOS P/ARA ESTIMULAÇÃO CEREBRAL (INCLUI CONECTOR)
404030122,LABIOPLASTIA SECUNDÁRIA EM PACIENTE COM ANOMALIA CRÂNIO E BUCOMAXILOFACIAL
404030041,MICROCIRURGIA OTOLÓGICA EM PACIENTE COM ANOMALIA CRÂNIO E BUCOMAXILOFACIAL
404030050,OSTEOTOMIA DA MANDÍBULA EM PACIENTE COM ANOMALIA CRÂNIO E BUCOMAXILOFACIAL
408020164,REDUÇAO INCRUENTA DE FRATURA / LESÇO FISARIA DO EXTREMO PROXIMAL DO ÚMERO
408040190,REDUÇÃO INCRUENTA DE LUXAÇÃO COXOFEMORAL TRAUMÁTICA / PÓS-ARTROPLASTIA
416040268,RESSECCAO ALARGADA DE TUMOR DE PARTES MOLES DE PAREDE ABDOMINAL EM ONCOLOGIA
416120040,RESSECCAO DE LESAO NAO PALPAVEL DE MAMA COM MARCACAO EM ONCOLOGIA (POR MAMA)
404020275,RESSECÇÃO DE LESÇO MALIGNA E BENIGNA DA REGIÇO CRANIO E BUCOMAXILOFACIAL
408050896,TRATAMENTO CIRÚRGICO DE ROTURA DO MENISCO COM MENISCECTOMIA PARCIAL / TOTAL
303050144,TRATAMENTO CLÍNICO DE INTERCORRÊNCIAS OFTALMOLÓGICAS DE ORIGEM INFECCIOSA
303130067,TRATAMENTO DE PACIENTE SOB CUIDADOS PROLONGADOS POR ENFERMIDADES ONCOLOGICAS
406011290,AMPLIAÇÃO DE VIA DE SAÍDA DO VENTRÍCULO ESQUERDO (CRIANÇA E ADOLESCENTE)
406050066,ESTUDO ELETROFISIOLOGICO TERAPEUTICO II (ABLACAO DAS VIAS ANOMALAS MULTIPLAS)
404030262,PALATOPLASTIA SECUNDÁRIA EM PACIENTE COM ANOMALIA CRÂNIO E BUCOMAXILOFACIAL
406020434,REVASCULARIZACAO POR PONTE / TROMBOENDARTERECTOMIA DE OUTRAS ARTERIAS DISTAIS
408050624,TRATAMENTO CIRÚRGICO DE FRATURA SUPRACONDILEANA DO FÊMUR (METÁFISE DISTAL)
303130059,TRATAMENTO DE PACIENTE SOB CUIDADOS PROLONGADOS POR ENFERMIDADES NEUROLOGICAS
308010035,TRATAMENTO DE TRAUMATISMOS C/ LESAO DE ORGAO INTRA-TORACICO E INTRA-ABDOMINAL
303130032,ATENDIMENTO A PACIENTE SOB CUIDADOS PROLONGADOS POR ENFERMIDADES PNEUMOLOGICAS
408010096,ESCAPULOPEXIA C/ OU S/ OSTEOTOMIA DA ESCAPULA / RESSECÇÃO BARRA OMO-CERVICAL
406050031,ESTUDO ELETROFISIOLOGICO TERAPEUTICO I (ABLACAO DE TAQUICARDIA ATRIAL DIREITA)
416080120,EXTIRPACAO MULTIPLA DE LESAO DA PELE OU TECIDO CELULAR SUBCUTANEO EM ONCOLOGIA
406010706,INFARTECTOMIA / ANEURISMECTOMIA ASSOCIADA OU NAO A REVASCULARIZACAO MIOCARDICA
408050330,REVISAO CIRURGICA DE COTO DE AMPUTACAO EM MEMBRO INFERIOR (EXCETO DEDOS DO PE)
505010089,TRANSPLANTE AUTOGENICO DE CELULAS-TRONCO HEMATOPOETICAS DE SANGUE PERIFERICO -
408030747,TRATAMENTO CIRURGICO DE FRATURA NIVEL C1 - C2 POR VIA ANTERIOR (OSTEOSSINTESE)
408060557,TRATAMENTO CIRÚRGICO DE ARTRITE INFECCIOSA (GRANDES E MÉDIAS ARTICULAÇåES)
408060620,TRATAMENTO CIRÚRGICO DE INFECÇÃO PÓS-ARTROPLASTIA (GRANDES ARTICULAÇåES)
303110015,TRATAMENTO DAS MALFORMACOES E DEFORMIDADES CONGENITAS DO SISTEMA OSTEOMUSCULAR
303010126,TRATAMENTO DE INFECÇåES DE TRANSMISSÇO PREDOMINANTEMENTE SEXUAL (A50 A A64)
406011095,TROCA DE ELETRODOS DE SEIO CORONARIO NO CARDIOVERSOR DESFIBRILADOR MULTI-SITIO
201010135,BIOPSIA DE CORPO VERTEBRAL LAMINA E PEDICULO VERTEBRAL (POR DISPOSITIVO GUIADO)
406040206,EMBOLIZACAO DE MALFORMACAO VASCULAR ARTERIO-VENOSA (INCLUI ESTUDO ANGIOGRAFICO)
403040094,"MICROCIRURGIA PARA ANEURISMA DA CIRCULAÇÃO CEREBRAL ANTERIOR MAIOR QUE 1,5 CM"
406030103,RETIRADA DE CORPO ESTRANHO DE SISTEMA CARDIOVASCULAR POR TECNICAS HEMODINAMICAS
408040238,TRANSPOSIÇÃO / ALONGAMENTO MIOTENDINOSO DO ILIOPSOAS EM DOENÇA NEUROMUSCULAR
408030801,TRATAMENTO CIRURGICO DE DEFORMIDADE DA COLUNA VIA POSTERIOR DOZE NIVEIS OU MAIS
408050705,TRATAMENTO CIRÚRGICO DE LUXAÇÃO / FRATURA-LUXAÇÃO SUBTALAR E INTRA-TARSICA
303040149,TRATAMENTO DE ACIDENTE VASCULAR CEREBRAL - AVC (ISQUEMICO OU HEMORRAGICO AGUDO)
406040311,TRATAMENTO DE HEMOPTISE POR EMBOLIZACAO PERCUTANEA (INCLUI ESTUDO ANGIOGRAFICO)
406050104,ESTUDO ELETROFISIOLOGICO TERAPEUTICO II (ABLACAO DE TAQUICARDIA ATRIAL ESQUERDA)
408060123,EXPLORAÇÃO ARTICULAR C/ OU S/ SINOVECTOMIA DE MÉDIAS / GRANDES ARTICULAÇåES
403040116,"MICROCIRURGIA P/ARA ANEURISMA DA CIRCULAÇÃO CEREBRAL ANTERIOR MENOR QUE 1,5 CM"
403040124,"MICROCIRURGIA PARA ANEURISMA DA CIRCULAÇÃO CEREBRAL POSTERIOR MENOR QUE 1,5 CM"
416040144,RESSECCAO DE TUMOR RETROPERITONIAL C/ RESSECCAO DE ORGAOS CONTIGUOS EM ONCOLOGIA
408040343,TRATAMENTO CIRURGICO DE LUXACAO ESPONTANEA / PROGRESSIVA / PARALITICA DO QUADRIL
405030177,VITRECTOMIA POSTERIOR COM INFUSÇO DE PERFLUOCARBONO/ÓLEO DE SILICONE/ENDOLASER
303130024,ATENDIMENTO A PACIENTE SOB CUIDADOS PROLONGADOS POR ENFERMIDADES CARDIOVASCULARES
406040184,CORRECAO ENDOVASCULAR DE ANEURISMA / DISSECCAO DAS ILIACAS C/ ENDOPROTESE TUBULAR
406040265,IMPLANTACAO DE SHUNT INTRA-HEPATICO PORTO-SISTEMICO (TIPS) C/ STENT NAO RECOBERTO
408060522,TRANSPLANTE OSTEO-MÚSCULO-CUTÂNEO C/ MICRO-ANASTOMOSE NO TRONCO OU EXTREMIDADES
408050659,TRATAMENTO CIRÚRGICO DE HALUX VALGUS C/ OSTEOTOMIA DO PRIMEIRO OSSO METATARSIANO
408060638,TRATAMENTO CIRÚRGICO DE LUXAÇÃO / FRATURA-LUXAÇÃO METATARSO INTER-FALANGEANA
408050918,TRATAMENTO CIRÚRGICO DO HALUX VALGUS S/ OSTEOTOMIA DO PRIMEIRO OSSO METATARSIANO
303170131,TRATAMENTO CLÍNICO EM SAÚDE MENTAL EM SITUAÇÃO DE RISCO ELEVADO DE SUICÍDIO.
506020053,TRATAMENTO DE INTERCORRÊNCIA PÓS-TRANSPLANTE DE RIM - PÓS TRANSPLANTE CRÍTICO
303160047,TRATAMENTO DE TRANSTORNOS HEMORRAGICOS E HEMATOLOGICOS DO FETO E DO RECEM-NASCIDO
303170190,TRATAMENTO EM PSIQUIATRIA DE CURTA PERMANENCIA POR DIA (PERMANENCIA ATÉ 90 DIAS)
406040087,ANGIOPLASTIA INTRALUMINAL DE VASOS DO PESCOCO / TRONCOS SUPRA-AORTICOS (SEM STENT)
403050030,BLOQUEIOS PROLONGADOS DE SISTEMA NERVOSO PERIFERICO / CENTRAL COM BOMBA DE INFUSAO
406040214,EMBOLIZACAO DE MALFORMACAO VASCULAR POR PUNCAO DIRETA (INCLUI DROGAS EMBOLIZANTES)
406011478,IMPLANTE C/ TROCA DE POSICAO DE VALVAS (CIRURGIA DE ROSS) (CRIANÇA E ADOLESCENTE)
403040108,"MICROCIRURGIA PARA ANEURISMA DA CIRCULAÇÃO CEREBRAL POSTERIOR (MAIOR QUE 1,5 CM)"
404030157,RECONSTRUÇÃO TOTAL DE LÁBIO EM PACIENTE COM ANOMALIA CRÂNIO E BUCOMAXILOFACIAL
408020270,REIMPLANTE OU REVASCULARIZAÇÃO AO NÍVEL DA MÇO E OUTROS DEDOS (EXCETO POLEGAR)
408050420,TRATAMENTO CIRURGICO DAS DESINSERCOES DAS ESPINHAS INTERCONDILARES / EPICONDILARES
408050489,TRATAMENTO CIRURGICO DE FRATURA / LESAO FISARIA PROXIMAL (COLO) DO FEMUR (SINTESE)
406020507,TRATAMENTO CIRURGICO DE LESOES VASCULARES TRAUMATICAS DE MEMBRO INFERIOR BILATERAL
406020523,TRATAMENTO CIRURGICO DE LESOES VASCULARES TRAUMATICAS DE MEMBRO SUPERIOR BILATERAL
408020334,TRATAMENTO CIRÚRGICO DE FRATURA / LESÇO FISARIA DA EXTREMIDADE PROXIMAL DO UMERO
506020096,TRATAMENTO DE INTERCORRENCIA PÓS TRANSPLANTE DE FIGADO- PÓS TRANSPLANTE CRÍTICO
303040300,TRATAMENTO DO ACIDENTE VASCULAR CEREBRAL ISQUÊMICO AGUDO COM USO DE TROMBOLÍTICO
406011354,CORREÇÃO DE DRENAGEM ANOMALA PARCIAL DE VEIAS PULMONARES (CRIANÇA E ADOLESCENTE)
406050082,ESTUDO ELETROFISIOLOGICO TERAPEUTICO II (ABLACAO DE TAQUICARDIA ATRIAL CICATRICIAL)
406050090,ESTUDO ELETROFISIOLOGICO TERAPEUTICO II (ABLACAO DE TAQUICARDIA ATRIAL CICATRICIAL)
505010011,TRANSPLANTE ALOGENICO DE CELULAS-TRONCO HEMATOPOETICAS DE MEDULA OSSEA - APARENTADO
406020515,TRATAMENTO CIRURGICO DE LESOES VASCULARES TRAUMATICAS DE MEMBRO INFERIOR UNILATERAL
406020531,TRATAMENTO CIRURGICO DE LESOES VASCULARES TRAUMATICAS DE MEMBRO SUPERIOR UNILATERAL
408060581,TRATAMENTO CIRÚRGICO DE DEFORMIDADE ARTICULAR POR RETRACAO TENO-CAPSULO-LIGAMENTAR
408020458,TRATAMENTO CIRÚRGICO DE FRATURA-LUXAÇÃO DE GALEAZZI / MONTEGGIA / ESSEX-LOPRESTI
303170140,TRATAMENTO CLÍNICO PARA CONTENÇÃO DE COMPORTAMENTO DESORGANIZADO E/OU DISRUPTIVO
406011435,CORRECAO DO CANAL ATRIO-VENTRICULAR PARCIAL / INTERMEDIARIO (CRIANÇA E ADOLESCENTE)
403010071,CRANIOTOMIA PARA RETIRADA DE CORPO ESTRANHO INTRACRANIANO (COM TECNICA COMPLEMENTAR)
415020018,PROCEDIMENTOS SEQUENCIAIS DE CIRURGIA PLÁSTICA REPARADORA PÓS -CIRURGIA BARIATRICA
408050888,TRATAMENTO CIRÚRGICO DE ROTURA DE MENISCO COM SUTURA MENISCAL UNI / BICOMPATIMENTAL
406040290,TRATAMENTO DE EPISTAXE POR EMBOLIZACAO (INCLUI ESTUDO ANGIOGRAFICO E/OU ENDOSCOPICO)
303130040,TRATAMENTO DE PACIENTE SOB CUIDADOS PROLONGADOS POR ENFERMIDADES DECORRENTES DA AIDS
406011052,TROCA DE ELETRODOS DE MARCAPASSO EM CARDIO-DESFIBRILADOR DE CAMARA DUPLA TRANSVENOSO
412050161,PNEUMOTOMIA COM RESSECÇÃO COSTAL PARA DRENAGEM CAVITARIA/RETIRADA DE CORPO ESTRANHO
408010215,TRATAMENTO CIRURGICO DE LUXACAO RECIDIVANTE / HABITUAL DE ARTICULACAO ESCAPULO-UMERAL
403020123,TRATAMENTO CIRURGICO DE SINDROME COMPRESSIVA EM TUNEL OSTEO-FIBROSO AO NIVEL DO CARPO
408050845,TRATAMENTO CIRÚRGICO DE PSEUDARTROSE / RETARDO DE CONSOLIDAÇÃO AO NÍVEL DO JOELHO
303170166,TRATAMENTO CLÍNICO DE TRANSTORNOS MENTAIS E COMPORTAMENTAIS DEVIDO AO USO DE ÁLCOOL
506020061,TRATAMENTO DE INTERCORRENCIA PÓS TRANSPLANTE DE CORAÇÃO- PÓS TRANSPLANTE CRÍTICO
404010598,CIRURGIA PARA REVISÇO DO IMPLANTE COCLEAR SEM DISPOSITIVO INTERNO DO IMPLANTE COCLEAR
408020342,TRATAMENTO CIRÚRGICO DE FRATURA / LESÇO FISARIA DAS FALANGES DA MÇO (COM FIXAÇÃO)
408040319,TRATAMENTO CIRÚRGICO DE FRATURA-LUXAÇÃO DA ARTICULAÇÃO COXOFEMORAL (DUPLO ACESSO)
303170174,"TRATAMENTO CLÍNICO DE TRANSTORNOS MENTAIS E COMPORTAMENTAIS DEVIDO AO USO DE ""CRACK""."
408050926,TRATAMENTO DAS LESåES OSTEO-CONDRAIS POR FIXAÇÃO OU MOSAICOPLASTIA JOELHO/TORNOZELO
403010349,TREPANACAO CRANIANA PARA PROPEDEUTICA NEUROCIRURGICA / IMPLANTE PARA MONITORIZACAO PIC
403070104,EMBOLIZAÇÃO DE MALFORMAÇÃO ARTERIO-VENOSA DURAL COMPLEXA DO SISTEMA NERVOSO CENTRAL
406030090,FECHAMENTO PERCUTANEO DO CANAL ARTERIAL / FISTULAS ARTERIOVENOSAS C/ LIBERACAO DE COILS
406040249,FIBRINOLISE P/ EMBOLIA PULMONAR MACICA INTRAVASCULAR POR CATETER (INCLUI FIBRINOLITICO)
408050179,RECONSTRUCAO LIGAMENTAR INTRA-ARTICULAR DO JOELHO (CRUZADO POSTERIOR C/ OU S/ ANTERIOR)
505010020,TRANSPLANTE ALOGENICO DE CELULAS-TRONCO HEMATOPOETICAS DE MEDULA OSSEA - NAO APARENTADO
408010223,TRATAMENTO CIRURGICO DE RETARDO DE CONSOLIDACAO DA PSEUDARTROSE DE CLAVICULA / ESCAPULA
408040289,TRATAMENTO CIRÚRGICO DE FRATURA / LUXAÇÃO COXOFEMORAL C/ FRATURA DA EPÍFISE FEMORAL
408050829,TRATAMENTO CIRÚRGICO DE PSEUDARTROSE / RETARDO DE CONSOLIDAÇÃO / PERDA ÓSSEA DO PÉ
406040010,ALCOOLIZACAO PERCUTANEA DE HEMANGIOMA E MALFORMACAO VENOSAS (INCLUI ESTUDO ANGIOGRAFICO)
408030380,DISCECTOMIA CERVICAL / LOMBAR / LOMBO-SACRA POR VIA POSTERIOR (1 NÍVEL C/ MICROSCÓPIO)
408030640,REVISÇO DE ARTRODESE TRATAMENTO CIRÚRGICO DE PSEUDOARTORSE DA COLUNA CERVICAL ANTERIOR
505010054,TRANSPLANTE ALOGENICO DE CELULAS-TRONCO HEMATOPOETICAS DE SANGUE PERIFERICO - APARENTADO
408030658,TRATAMENTO CIRÚRGICO DE DEFORMIDADE DA COLUNA VIA ANTERO-POSTERIOR NOVE OU MAIS NÍVEIS
408020350,TRATAMENTO CIRÚRGICO DE FRATURA / LESÇO FISARIA DE EPI~CâNDILO / EPITROCLEA DO ÚMERO
408020423,TRATAMENTO CIRÚRGICO DE FRATURA DIAFISARIA DE AMBOS OS OSSOS DO ANTEBRAÇO (C/ SINTESE)
408020555,TRATAMENTO CIRÚRGICO DE PSEUDARTROSE / RETARDO DE CONSOLIDAÇÃO / PERDA ÓSSEA DA MÇO
303160055,TRATAMENTO DE TRANSTORNOS RELACIONADOS C/ A DURACAO DA GESTACAO E C/ O CRESCIMENTO FETAL
506020029,INTERCORRENCIA POS-TRANSPLANTE AUTOGENICO DE CELULAS-TRONCO HEMATOPOETICAS (HOSPITAL DIA)
408060247,RESSECÇÃO DE TUMOR E RECONSTRUÇÃO C/ RETALHO NÇO MICROCIRÚRGICO (EXCETO MÇO E PÉ)
408060611,TRATAMENTO CIRÚRGICO DE INFECÇÃO EM ARTROPLASTIA DAS MÉDIAS / PEQUENAS ARTICULAÇåES
303010134,TRATAMENTO DE INFECÇåES VIRAIS CARACTERIZADAS POR LESåES DE PELE E MUCOSAS (B00 A B09)
408030623,REVISÇO DE ARTRODESE / TRATAMENTO CIRÚRGICO DE PSEUDARTROSE DA COLUNA CERVICAL POSTERIOR
408020407,TRATAMENTO CIRÚRGICO DE FRATURA DA EXTREMIDADE / METÁFISE DISTAL DOS OSSOS DO ANTEBRAÇO
408020571,TRATAMENTO CIRÚRGICO DE PSEUDARTROSE / RETARDO DE CONSOLIDAÇÃO / PERDA ÓSSEA DO ÚMERO
408020601,TRATAMENTO CIRÚRGICO DE PSEUDO-RETARDO / CONSOLIDAÇÃO / PERDA ÓSSEA AO ÍIVEL DO CARPO
303100036,"TRATAMENTO DE EDEMA, PROTEINURIA E TRANSTORNOS HIPERTENSIVOS NA GRAVIDEZ PARTO E PUERPERIO"
305010174,TRATAMENTO DE INTERCORRENCIA EM PACIENTE RENAL CRONICO SOB TRATAMENTO DIALITICO ( POR DIA)
303160063,TRATAMENTO DE TRANSTORNOS RESPIRATORIOS E CARDIOVASCULARES ESPECIFICOS DO PERIODO NEONATAL
408050195,REDUCAO INCRUENTA DA LUXACAO / FRATURA-LUXACAO METATARSO-FALANGIANA / INTERFALANGIANA DO PE
408030542,RESSECÇÃO DE ELEMENTO VERTEBRAL POSTERIOR / POSTERO-LATERAL DISTAIL A C2 (AT 2 SEGMENTOS)
408060646,TRATAMENTO CIRÚRGICO DE MÇO OU PÉ EM FENDA / DEDO BÍFIDO / MACRODACTILIA / POLIDACTILIA
408020598,TRATAMENTO CIRÚRGICO DE PSEUDARTROSE NA REGIÇO METAFISE-EPIFISARIA DISTAL DO RADIO E ULNA
303090138,TRATAMENTO CONSERVADOR DE FRATURA / LESAO LIGAMENTAR / ARRANCAMENTO OSSEO AO NIVEL DA PELVE
406040133,ANGIOPLASTIA INTRALUMINAL DOS VASOS DO PESCOCO / TRONCOS SUPRA-AORTICOS (C/ STENT RECOBERTO)
403070120,EMBOLIZAÇÃO DE MALFORMAÇÃO ARTERIO-VENOSA INTRAPARENQUIMATOSA DO SISTEMA NERVOSO CENTRAL
505010062,TRANSPLANTE ALOGENICO DE CELULAS-TRONCO HEMATOPOETICAS DE SANGUE PERIFERICO - NAO APARENTADO
506020045,TRATAMENTO DE INTERCORRÊNCIA PÓS-TRANSPLANTE DE ÓRGÇOS / CÉLULAS-TRONCO HEMATOPOÉTICAS
413040208,TRATAMENTO CIRURGICO DE RETRACAO CICATRICIAL DOS DEDOS DA MAO/PE S/ COMPROMETIMENTO TENDINOSO
408050497,TRATAMENTO CIRÚRGICO DE FRATURA BIMALEOLAR / TRIMALEOLAR / DA FRATURA-LUXAÇÃO DO TORNOZELO
408020415,TRATAMENTO CIRÚRGICO DE FRATURA DE EXTREMIDADES / METÁFISE PROXIMAL DOS OSSOS DO ANTEBRAÇO
408020482,TRATAMENTO CIRÚRGICO DE LESÇO AGUDA CAPSULO-LIGAMENTAR DO MEMBRO SUPERIOR: COTOVELO / PUNHO
408050667,TRATAMENTO CIRÚRGICO DE LESÇO AGUDA CAPSULO-LIGAMENTAR MEMBRO INFERIOR (JOELHO / TORNOZELO)
406040141,COLOCACAO PERCUTANEA DE FILTRO DE VEIA CAVA (NA TROMBOSE VENOSA PERIFERICA E EMBOLIA PULMONAR)
406040150,CORRECAO ENDOVASCULAR DE ANEURISMA / DISSECCAO DA AORTA ABDOMINAL C/ ENDOPROTESE RETA / CONICA
406040176,CORRECAO ENDOVASCULAR DE ANEURISMA / DISSECCAO DA AORTA TORACICA C/ ENDOPROTESE RETA OU CONICA
403010055,CRANIOTOMIA PARA RETIRADA DE CISTO / ABSCESSO / GRANULOMA ENCEFALICO (C/ TECNICA COMPLEMENTAR)
408050691,TRATAMENTO CIRÚRGICO DE LUXAÇÃO / FRATURA-LUXAÇÃO METATARSO-FALANGIANA / INTER-FALANGIANA
408020563,TRATAMENTO CIRÚRGICO DE PSEUDARTROSE / RETARDO DE CONSOLIDAÇÃO / PERDA ÓSSEA DO ANTEBRAÇO
408020610,TRATAMENTO CIRÚRGICO DE ROTURA / DESINSERÇÃO / ARRANCAMENTO CAPSULO-TENO-LIGAMENTAR NA MÇO
403010357,TREPANACAO CRANIANA PARA PROPEDEUTICA OU TERAPEUTICA NEUROCIRURGICA (COM TECNICA COMPLEMENTAR)
406040095,ANGIOPLASTIA INTRALUMINAL DE VASOS DO PESCOCO OU TRONCOS SUPRA-AORTICOS (C/ STENT NAO RECOBERTO)
211050091,EXPLORACAO DIAGNOSTICA PELO VIDEO-ELETROENCEFALOGRAMA COM OU SEM USO DE ELETRODO DE PROFUNDIDADE
406010625,IMPLANTE DE MARCAPASSO CARDIACO MULTI-SITIO EPIMIOCARDICO POR TORACOTOMIA P/IMPLANTE DE ELETRODO
408060280,RESSECÇÃO DE TUMOR ÓSSEO E RECONSTRUÇÃO C/ RETALHO NÇO MICROCIRÚRGICO (APENAS MÇO E PÉ)
408030534,RESSECÇÃO DE ELEMENTO VERTEBRAL POSTERIOR / POSTERO-LATERAL / DISTAL A C2 (MAIS DE 2 SEGMENTOS)
410010146,RETIRADA DE PRÓTESE MAMÁRIA BILATERAL EM CASOS DE COMPLICAÇÃO DA PRÓTESE MAMÁRIA IMPLANTADA
303060093,TRATAMENTO DE COMPLICACOES DE DISPOSITIVOS PROTETICOS IMPLANTES E ENXERTOS CARDIACOS E VALVULARES
408050225,REDUCAO INCRUENTA DE FRATURA DIAFISARIA / LESAO FISARIA DISTAL DA TIBIA C/ OU S/ FRATURA DA FIBULA
410010138,RETIRADA DE PRÓTESE MAMÁRIA UNILATERAL EM CASOS DE COMPLICAÇÃO DA PRÓTESE MAMÁRIA IMPLANTADA
408030615,REVISÇO DE ARTRODESE / TRATAMENTO CIRÚRGICO DE PSEUDARTOSE DA COLUNA TORACO-LOMBO-SACRA ANTERIOR
408060590,TRATAMENTO CIRÚRGICO DE FRATURA VICIOSAMENTE CONSOLIDADA DOS OSSOS LONGOS EXCETO DA MÇO E DO PÉ
408050810,TRATAMENTO CIRÚRGICO DE PSEUDARTROSE / RETARDO DE CONSOLIDAÇÃO / PERDA ÓSSEA DO COLO DO FÊMUR
406010595,IMPLANTE DE CARDIOVERSOR DESFIBRILADOR MULTI-SITIO ENDOCAVITARIO C/ REVERSAO PARA EPIMIOCARDICO POR
408050780,TRATAMENTO CIRÚRGICO DE PSEUDARTROSE / RETARDO DE CONSOLIDAÇÃO / PERDA ÓSSEA AO NÍVEL DO TARSO
408050861,TRATAMENTO CIRÚRGICO DE PSEUDARTROSE / RETARDO DE CONSOLIDAÇÃO / PERDA ÓSSEA DA DIÁFISE TIBIAL
408050870,TRATAMENTO CIRÚRGICO DE PSEUDARTROSE / RETARDO DE CONSOLIDAÇÃO/ PERDA ÓSSEA DA METÁFISE TIBIAL
501030069,COLETA E ACONDICIONAMENTO DE MEDULA OSSEA NO BRASIL PARA TRANSPLANTE AUTOGENICO OU DE DOADOR APARENT
406040168,CORRECAO ENDOVASCULAR DE ANEURISMA / DISSECCAO DA AORTA ABDOMINAL E ILIACAS C/ ENDOPROTESE BIFURCADA
408030410,DISCECTOMIA CERVICAL / LOMBAR / LOMBO-SACRA POR VIA POSTERIOR (DOIS OU MAIS NÍVEIS C/ MICROSCÓPIO)
406040192,EMBOLIZACAO ARTERIAL DE HEMORRAGIA DIGESTIVA (INCLUI PROCEDIMENTO ENDOSCOPICO E/OU ESTUDO ANGIOGRAFI
406050112,ESTUDO ELETROFISIOLOGICO TERAPEUTICO II (ABLACAO DE TAQUICARDIA VENTRICULAR IDIOPATICA DO SEIO DE VA
406050120,ESTUDO ELETROFISIOLOGICO TERAPEUTICO II (ABLACAO DE TAQUICARDIA VENTRICULAR SUSTENTADA C/ CARDIOPATI
506020010,INTERCORRENCIA POS TRANSPLANTE ALOGENICO DE CELULAS-TRONCO HEMATOPOETICAS - NAO APARENTADO (HOSPITAL
408040203,REDUÇÃO INCRUENTA DISJUNÇÃO / LUXAÇÃO / FRATURA / FRATURA-LUXAÇÃO AO NÍVEL DO ANEL PÉLVICO
408030631,REVISÇO DE ARTRODESE / TRATAMENTO CIRÚRGICO DE PSEUDARTROSE DA COLUNA TORACO-LOMBO-SACRA POSTERIOR
406040303,TRATAMENTO DE HEMATURIA OU SANGRAMENTO GENITAL POR EMBOLIZACAO (INCLUI ESTUDO ANGIOGRAFICO E/OU ENDO
506020037,TRATAMENTO DE INTERCORRENCIA POS-TRANSPLANTE ALOGENICO DE CELULAS-TRONCO HEMATOPOETICAS DE APARENTAD
308020030,TRATAMENTO DE INTOXICACAO OU ENVENENAMENTO POR EXPOSICAO A MEDICAMENTO E SUBSTANCIAS DE USO NAO MEDI
303130075,TRATAMENTO DE PACIENTE SOB CUIDADOS PROLONGADOS POR ENFERMIDADES OSTEOMUSCULARES E DO TECIDO CONJUNT
303170182,TRATAMENTO CLÍNICO DOS TRANSTORNOS MENTAIS E COMPORTAMENTAIS DEVIDO AO USO DAS DEMAIS DROGAS E/OU OU
412010038,"COLOCAÇÃO DE PROTESE LARINGO-TRAQUEAL, TRAQUEAL, TRAQUEO-BRONQUICA, BRONQUICA POR VIA ENDOSCOPICA (I"
406020078,IMPLANTAÇÃO DE CATETER DE LONGA PERMANÊNCIA SEMI OU TOTALMENTE IMPLANTAVEL (PROCEDIMENTO PRINCIPAL)
416090109,RESSECCAO DE TUMOR OSSEO COM SUBSTITUICAO (ENDOPROTESE) OU COM RECONSTRUÇÃO E FIXAÇÃO EM ONCOLOGIA
408060387,RETIRADA DE PRÓTESE DE SUBSTITUIÇÃO DE GRANDES ARTICULAÇåES (OMBRO / COTOVELO / QUADRIL / JOELHO)
408050799,TRATAMENTO CIRÚRGICO DE PSEUDARTROSE / RETARDO DE CONSOLIDAÇÃO / PERDA ÓSSEA DA DIÁFISE DO FÊMUR
404030289,TRATAMENTO CIRÚRGICO REPARADOR DA FISSURA FACIAL RARA EM PACIENTES COM ANOMALIA CRÂNIO E BUCOMAXILOF
404030270,TRATAMENTO CIRÚRGICO DA INSUFICIÊNCIA VELOFARÍNGEA EM PACIENTE COM ANOMALIA CRÂNIO E BUCOMAXILOFACIA
408040246,TRATAMENTO CIRÚRGICO DA AVULSÇO DE TUBEROSIDADES / ESPINHAS E CRISTA ILÍACA S/ LESÇO DO ANEL PÉLVICO
408020369,TRATAMENTO CIRÚRGICO DE FRATURA / LESÇO FISARIA DO CâNDILO / TRÓCLEA/APOFISE CORONÓIDE DO ULNA / CAB
408050802,TRATAMENTO CIRÚRGICO DE PSEUDARTROSE / RETARDO DE CONSOLIDAÇÃO / PERDA ÓSSEA DA REGIÇO TROCANTERIANA
506020100,TRATAMENTO DE INTERCORRENCIA PÓS TRANSPLANTE ALOGÊNICO DE CÉLULAS-TRONCO HEMATOPOÉTICAS- PÓS TRANSPL
506020118,TRATAMENTO DE INTERCORRENCIA PÓS TRANSPLANTE AUTOLÓGO DE CÉLULAS-TRONCO HEMATOPOÉTICAS- PÓS TRANSPLA
503010022,AÇåES RELACIONADAS A DOAÇÃO DE ÓRGÇOS E TECIDOS REALIZADAS POR EQUIPE DE OUTRO ESTABELECIMENTO DE SA
408050837,TRATAMENTO CIRÚRGICO DE PSEUDARTROSE / RETARDO DE CONSOLIDAÇÃO / PERDA ÓSSEA METÁFISE DISTAL DO FÊMU
303170204,TRATAMENTO EM PSIQUIATRIA POR DIA (COM DURAÇÃO SUPERIOR A 90 DIAS DE INTERNAÇÃO OU REINTERNAÇÃO ANTE
410010154,"RETIRADA DE PRÓTESE MAMÁRIA UNILATERAL EM CASOS DE COMPLICAÇÃO DE IMPLANTAÇÃO DA PRÓTESE, COM IMPLAN"
408040173,REDUÇÃO INCRUENTA C/ MANIPULAÇÃO DE LUXAÇÃO ESPONTANEA / PROGRESSIVA DO QUADRIL COM APLICAÇÃO DE DIS
408040254,TRATAMENTO CIRÚRGICO DE ASSOCIAÇÃO FRATURA / LUXAÇÃO / FRATURA-LUXAÇÃO / DISJUNÇÃO DO ANEL PÉLVICO
408040262,TRATAMENTO CIRÚRGICO DE FRATURA / LUXAÇÃO / FRATURA-LUXAÇÃO / DISJUNÇÃO DO ANEL PÉLVICO ANTERO-POSTE
303170158,"TRATAMENTO CLÍNICO PARA AVALIAÇÃO DIAGNÓSTICA E ADEQUAÇÃO TERAPÊUTICA, INCLUINDO NECESSIDADES DE SAÚ"